gpuName,manufacturer,releaseYear,G3Dmark,G2Dmark,price,gpuValue
Intel i gfx-driver-ci-master-9938 DCH-I,Intel,2022,573,194,24,23.88 
Qualcomm Adreno 690 GPU,Others,2022,952,81,87,10.94 
Intel UHD 710,Intel,2022,1107,307,102,10.85 
Radeon Ryzen 3 PRO 5450U,AMD,2022,1143,555,150,7.62 
Radeon Ryzen 3 PRO 5350G,AMD,2022,1408,632,143,9.85 
Radeon Ryzen 5 4600GE,AMD,2022,1412,467,61,23.15 
Qualcomm Adreno 8cx Gen 3,Others,2022,1670,169,133,12.56 
Intel UHD ReleaseInternal,Intel,2022,1959,293,172,11.39 
Intel Iris Xe MAX,Intel,2022,1973,315,163,12.10 
Radeon Ryzen 9 5900H,AMD,2022,2755,837,138,19.96 
GeForce MX550,NVIDIA,2022,5090,424,327,15.57 
Radeon PRO W6400,AMD,2022,5916,621,533,11.10 
T1000 8GB,NVIDIA,2022,7760,890,427,18.17 
GeForce RTX 2050,NVIDIA,2022,8007,380,495,16.18 
Radeon RX 6700S,AMD,2022,11989,829,899,13.34 
GeForce RTX 3050,NVIDIA,2022,12718,911,1099,11.57 
RTX A2000 12GB,NVIDIA,2022,13688,1018,1299,10.54 
RadeonT RX 6850M,AMD,2022,15899,823,1599,9.94 
GeForce RTX 3090 Ti,NVIDIA,2022,29094,1117,2100,13.85 
Qualcomm Adreno 540 GPU,Others,2021,120,52,8,15.00 
Qualcomm Adreno 618 GPU,Others,2021,120,61,9,13.33 
Qualcomm Adreno 680 GPU,Others,2021,449,81,45,9.98 
Radeon Ryzen 3 5400U,AMD,2021,1183,594,65,18.20 
Radeon Ryzen Embedded V2748,AMD,2021,1296,503,135,9.60 
Radeon Ryzen 3 4300U,AMD,2021,1310,486,85,15.41 
Radeon Ryzen 3 5300G,AMD,2021,1406,643,78,18.03 
Radeon Ryzen 3 PRO 4350GE,AMD,2021,1464,574,118,12.41 
Radeon Ryzen 3 PRO 4450U,AMD,2021,1505,557,71,21.20 
Intel UHD 730,Intel,2021,1553,330,116,13.39 
RadeonT RX 640,AMD,2021,1565,220,103,15.19 
Radeon Vega 8,AMD,2021,1593,421,127,12.54 
Radeon Ryzen 3 4300G,AMD,2021,1596,588,179,8.92 
Ryzen 3 5300U with Radeon Graphics,AMD,2021,1626,557,170,9.56 
Radeon Ryzen 5 PRO 4650U,AMD,2021,1699,535,184,9.23 
Radeon Ryzen 3 PRO 4200GE,AMD,2021,1712,600,110,15.56 
Ryzen 3 5400U with Radeon Graphics,AMD,2021,1734,668,98,17.69 
Intel UHD P750,Intel,2021,1744,495,119,14.66 
Intel UHD 750,Intel,2021,1775,335,79,22.47 
Radeon RX Vega 11 Processor,AMD,2021,1800,461,69,26.09 
Radeon Ryzen 5 4500U,AMD,2021,1800,548,207,8.70 
Radeon Ryzen 5 4600U,AMD,2021,1802,533,100,18.02 
Ryzen 5 5500U with Radeon Graphics,AMD,2021,2001,563,231,8.66 
Radeon Ryzen 5 5600U,AMD,2021,2015,640,209,9.64 
Radeon Ryzen 7 PRO 4750U,AMD,2021,2024,566,178,11.37 
Radeon Ryzen 5 PRO 4650GE,AMD,2021,2038,644,235,8.67 
Radeon Ryzen 7 4700U,AMD,2021,2044,559,146,14.00 
Radeon Ryzen 5 PRO 5650U,AMD,2021,2138,679,218,9.81 
Radeon Ryzen Embedded V2718,AMD,2021,2149,605,194,11.08 
Radeon Ryzen 7 PRO 5750G,AMD,2021,2154,771,150,14.36 
Ryzen 5 5600U with Radeon Graphics,AMD,2021,2160,673,184,11.74 
Radeon Ryzen 3 PRO 4350G,AMD,2021,2162,639,110,19.65 
Radeon Ryzen 5 4600G,AMD,2021,2186,651,220,9.94 
Radeon Ryzen 7 PRO 4750GE,AMD,2021,2200,652,252,8.73 
Radeon Ryzen 5 PRO 5650G,AMD,2021,2212,757,100,22.12 
Ryzen 3 5300G with Radeon Graphics,AMD,2021,2223,805,127,17.50 
Radeon Pro Ryzen 7 PRO 5850U,AMD,2021,2271,650,138,16.46 
Radeon Ryzen 7 4800U,AMD,2021,2273,595,211,10.77 
Ryzen 7 5700U with Radeon Graphics,AMD,2021,2289,601,228,10.04 
Radeon Ryzen 3 4300GE,AMD,2021,2306,685,237,9.73 
Radeon Ryzen 7 5800U,AMD,2021,2321,686,220,10.55 
Radeon Ryzen 7 PRO 5850U,AMD,2021,2333,684,156,14.96 
Radeon Ryzen 5 PRO 5650GE,AMD,2021,2363,814,260,9.09 
Ryzen 3 5300GE with Radeon Graphics,AMD,2021,2386,840,242,9.86 
Ryzen 5 5600H with Radeon Graphics,AMD,2021,2387,730,160,14.92 
Radeon Ryzen 5 PRO 4650G,AMD,2021,2418,704,175,13.82 
Ryzen 7 5800U with Radeon Graphics,AMD,2021,2467,729,189,13.05 
Radeon Ryzen 7 4700GE,AMD,2021,2508,732,145,17.30 
Ryzen 9 5980HS with Radeon Graphics,AMD,2021,2534,830,189,13.41 
Radeon Ryzen 5 5600G,AMD,2021,2545,814,166,15.33 
Radeon Ryzen 7 4700G,AMD,2021,2580,732,110,23.45 
Ryzen 5 5600G with Radeon Graphics,AMD,2021,2595,822,103,25.19 
Ryzen 5 5600GE with Radeon Graphics,AMD,2021,2602,886,170,15.31 
Radeon Ryzen 7 PRO 4750G,AMD,2021,2604,707,102,25.53 
Intel UHD 770,Intel,2021,2611,459,105,24.87 
Radeon Pro,AMD,2021,2615,681,185,14.14 
Radeon Ryzen 9 4900H,AMD,2021,2685,673,180,14.92 
Radeon Ryzen 5 5600H,AMD,2021,2696,689,213,12.66 
Ryzen 7 5700G with Radeon Graphics,AMD,2021,2709,846,242,11.19 
Radeon Ryzen 5 4600H,AMD,2021,2747,565,247,11.12 
Radeon Ryzen 7 5800H,AMD,2021,2759,748,297,9.29 
Radeon Ryzen 7 PRO 5750GE,AMD,2021,2771,866,154,17.99 
Radeon Ryzen 7 5700G,AMD,2021,2782,851,146,19.05 
Ryzen 7 5800H with Radeon Graphics,AMD,2021,2833,789,221,12.82 
Ryzen 9 5900HX with Radeon Graphics,AMD,2021,2968,799,298,9.96 
Radeon Ryzen 9 5900HX,AMD,2021,3126,792,302,10.35 
T500,NVIDIA,2021,3597,293,321,11.21 
T400,NVIDIA,2021,3627,561,157,23.10 
Ryzen 9 5900HS with Radeon Graphics,AMD,2021,5049,576,277,18.23 
Radeon Ryzen 7 4800H,AMD,2021,5178,498,283,18.30 
T600,NVIDIA,2021,6509,738,249,26.14 
RadeonT RX 5300,AMD,2021,7321,809,636,11.51 
Ryzen 7 5800HS with Radeon Graphics,AMD,2021,7391,522,487,15.18 
T1000,NVIDIA,2021,7829,831,376,20.82 
Radeon Ryzen 5 4600HS,AMD,2021,7942,447,430,18.47 
Radeon Ryzen 9 5900HS,AMD,2021,8428,509,697,12.09 
Radeon Ryzen 9 4900HS,AMD,2021,8572,378,619,13.85 
Radeon Ryzen 7 4800HS,AMD,2021,8842,426,342,25.85 
Radeon RX 6800M,AMD,2021,9012,643,342,26.35 
Radeon RX 6600M,AMD,2021,9094,698,340,26.75 
Radeon Ryzen 9 4900HSS,AMD,2021,9461,417,574,16.48 
Radeon RX 6700M,AMD,2021,11499,550,696,16.52 
Tesla M40 24GB,NVIDIA,2021,11658,372,656,17.77 
RTX A2000,NVIDIA,2021,13128,928,846,15.52 
Radeon RX 6600,AMD,2021,13881,945,528,26.29 
Radeon PRO W6600,AMD,2021,14212,1006,1214,11.71 
Radeon PRO W6800,AMD,2021,18802,914,2195,8.57 
RTX A4000,NVIDIA,2021,18988,938,1234,15.39 
RTX A4500,NVIDIA,2021,21546,892,2135,10.09 
GeForce RTX 3070 Ti,NVIDIA,2021,23367,1003,750,31.16 
GeForce RTX 3080 Ti,NVIDIA,2021,26887,1031,1200,22.41 
Radeon Vega 2,AMD,2020,491,247,52,9.44 
RadeonT Vega 3,AMD,2020,775,391,55,14.09 
Radeon 620,AMD,2020,840,202,68,12.35 
Radeon R5 435,AMD,2020,841,235,59,14.25 
Intel UHD 620,Intel,2020,889,662,66,13.47 
Radeon 625,AMD,2020,1150,210,104,11.06 
Radeon 630,AMD,2020,1245,223,132,9.43 
Ryzen 3 4300U with Radeon Graphics,AMD,2020,1348,493,109,12.37 
Radeon RX 640,AMD,2020,1537,277,115,13.37 
RadeonT 540X,AMD,2020,1804,436,129,13.98 
Ryzen 5 4500U with Radeon Graphics,AMD,2020,1813,538,168,10.79 
Ryzen 3 4300G with Radeon Graphics,AMD,2020,1903,650,183,10.40 
Ryzen 5 4600H with Radeon Graphics,AMD,2020,1939,573,188,10.31 
Ryzen 5 4600U with Radeon Graphics,AMD,2020,1951,577,86,22.69 
Radeon Pro W5500M,AMD,2020,2010,533,130,15.46 
Ryzen 7 4700U with Radeon Graphics,AMD,2020,2033,553,155,13.12 
Ryzen 5 4600G with Radeon Graphics,AMD,2020,2062,679,231,8.93 
Ryzen 7 4800H with Radeon Graphics,AMD,2020,2113,585,210,10.06 
Ryzen 7 Extreme Edition,AMD,2020,2158,559,85,25.39 
Ryzen 7 4700G with Radeon Graphics,AMD,2020,2187,671,122,17.93 
Ryzen 3 Pro 4350G with Radeon Graphics,AMD,2020,2190,663,165,13.27 
Ryzen 7 4800U with Radeon Graphics,AMD,2020,2344,570,153,15.32 
Ryzen 5 Pro 4650G with Radeon Graphics,AMD,2020,2395,675,271,8.84 
Ryzen 3 4300GE with Radeon Graphics,AMD,2020,2402,687,230,10.44 
Ryzen 7 4700GE with Radeon Graphics,AMD,2020,2496,761,224,11.14 
GeForce MX330,NVIDIA,2020,2547,234,150,16.98 
Ryzen 7 Pro 4750G with Radeon Graphics,AMD,2020,2682,702,262,10.24 
Ryzen 9 4900H with Radeon Graphics,AMD,2020,2714,691,246,11.03 
Intel Iris Xe,Intel,2020,2782,338,223,12.48 
GeForce MX350,NVIDIA,2020,2855,243,236,12.10 
GeForce MX450,NVIDIA,2020,3743,295,280,13.37 
GRID P100-8Q,NVIDIA,2020,3841,481,236,16.28 
GRID GTX P40-6,NVIDIA,2020,4340,277,371,11.70 
Radeon Pro WX 7130,AMD,2020,5722,695,465,12.31 
Quadro T1000 with Max-Q Design,NVIDIA,2020,6589,412,507,13.00 
Quadro T2000 with Max-Q Design,NVIDIA,2020,6871,454,651,10.55 
Ryzen 7 4800HS with Radeon Graphics,AMD,2020,6999,355,329,21.27 
Radeon RX 5600M,AMD,2020,7157,537,377,18.98 
GeForce GTX 1650 Ti,NVIDIA,2020,7490,399,605,12.38 
Radeon Pro 5300,AMD,2020,7522,663,542,13.88 
Radeon RX 5300,AMD,2020,7611,854,552,13.79 
Radeon Pro 5500 XT,AMD,2020,8298,628,612,13.56 
Radeon RX590 GME,AMD,2020,8628,704,496,17.40 
GeForce RTX 2060 with Max-Q Design,NVIDIA,2020,9743,434,468,20.82 
Radeon Pro 5600M,AMD,2020,10200,702,903,11.30 
Radeon Instinct MI25 MxGPU,AMD,2020,10466,727,934,11.21 
Radeon RX 5600,AMD,2020,11030,935,554,19.91 
Radeon Pro 5700,AMD,2020,11844,829,656,18.05 
Radeon Pro 5700 XT,AMD,2020,12537,831,605,20.72 
Radeon Pro V520 MxGPU,AMD,2020,12853,546,688,18.68 
Tesla T10,NVIDIA,2020,13264,624,1204,11.02 
Radeon RX 5600 XT,AMD,2020,13836,914,545,25.39 
Radeon Pro VII,AMD,2020,16853,720,761,22.15 
GeForce RTX 3070,NVIDIA,2020,22093,969,720,30.68 
GeForce RTX 3080,NVIDIA,2020,24853,1003,999,24.88 
Radeon RX 6900 XT,AMD,2020,25458,1102,1120,22.73 
GeForce RTX 3090,NVIDIA,2020,26395,999,1750,15.08 
Qualcomm Adreno 630 GPU,Others,2019,268,89,28,9.57 
Intel HD 500,Intel,2019,294,81,24,12.25 
Intel HD 505,Intel,2019,339,95,15,22.60 
A10-8700P,NVIDIA,2019,514,302,51,10.08 
Radeon M535DX,AMD,2019,750,288,47,15.96 
Radeon R7 A8-7680,AMD,2019,752,210,31,24.26 
GRID P40-4Q,NVIDIA,2019,778,621,86,9.05 
Radeon R5 A6-7480,AMD,2019,811,217,44,18.43 
Radeon 535DX,AMD,2019,813,199,66,12.32 
Intel UHD 617,Intel,2019,848,270,96,8.83 
Radeon R6 Opteron X3418,AMD,2019,955,399,108,8.84 
Radeon 535,AMD,2019,1048,203,48,21.83 
Radeon 540X,AMD,2019,1398,264,139,10.06 
Radeon Pro WX 4170,AMD,2019,1409,427,163,8.64 
Radeon 550X,AMD,2019,1430,273,65,22.00 
Radeon Vega 10,AMD,2019,1557,385,140,11.12 
Radeon Vega 9,AMD,2019,1669,442,105,15.90 
Radeon RX Vega 10,AMD,2019,1694,388,166,10.20 
Radeon RX Vega11,AMD,2019,1717,448,136,12.63 
Intel Iris Plus 645,Intel,2019,1742,405,114,15.28 
RadeonT RX 560X,AMD,2019,1810,676,177,10.23 
Radeon Vega 11,AMD,2019,1847,509,209,8.84 
Intel Iris Plus,Intel,2019,1850,316,133,13.91 
GeForce MX230,NVIDIA,2019,1884,219,145,12.99 
GRID M6-1Q,NVIDIA,2019,2069,423,191,10.83 
GRID M10-2B,NVIDIA,2019,2333,201,216,10.80 
Radeon RX Vega 11 PRD,AMD,2019,2402,601,180,13.34 
Radeon Pro WX 3200,AMD,2019,2456,478,217,11.32 
GeForce MX250,NVIDIA,2019,2515,250,109,23.07 
RadeonT RX 5500M,AMD,2019,3166,336,239,13.25 
Radeon RX 5300M,AMD,2019,3562,366,179,19.90 
Radeon RX 5500M,AMD,2019,4010,414,218,18.39 
GRID V100D-8Q,NVIDIA,2019,4156,518,203,20.47 
Radeon Pro 465,AMD,2019,4538,562,342,13.27 
GRID M60-8A,NVIDIA,2019,5523,380,290,19.04 
Radeon Pro 5300M,AMD,2019,5840,636,360,16.22 
GeForce GTX 1650 with Max-Q Design,NVIDIA,2019,5884,318,291,20.22 
Quadro T1000,NVIDIA,2019,6513,448,442,14.74 
Radeon Pro 5500M,AMD,2019,6763,682,303,22.32 
Quadro T2000,NVIDIA,2019,7169,479,528,13.58 
Tesla P100-PCIE-16GB,NVIDIA,2019,7225,572,382,18.91 
Radeon Pro 580X,AMD,2019,7540,698,441,17.10 
Quadro RTX 3000 with Max-Q Design,NVIDIA,2019,8754,350,535,16.36 
Radeon RX 5500,AMD,2019,8817,864,470,18.76 
Radeon RX 5500 XT,AMD,2019,9188,824,449,20.46 
GeForce GTX 1650 SUPER,NVIDIA,2019,10032,761,441,22.75 
Quadro RTX 3000,NVIDIA,2019,11122,533,813,13.68 
Radeon Pro Vega 48,AMD,2019,11504,821,633,18.17 
GeForce GTX 1660,NVIDIA,2019,11695,796,400,29.24 
GeForce GTX 1660 Ti,NVIDIA,2019,11794,702,350,33.70 
GeForce RTX 2070 with Max-Q Design,NVIDIA,2019,12062,506,675,17.87 
Quadro RTX 4000 with Max-Q Design,NVIDIA,2019,13622,600,900,15.14 
GeForce RTX 2080 with Max-Q Design,NVIDIA,2019,13681,574,2100,6.51 
Quadro RTX 5000 with Max-Q Design,NVIDIA,2019,13893,606,961,14.46 
Radeon RX 5700,AMD,2019,14729,926,900,16.37 
Radeon Pro Vega II,AMD,2019,14738,827,734,20.08 
Radeon Pro W5700,AMD,2019,15085,908,1650,9.14 
Tesla V100-SXM2-16GB,NVIDIA,2019,16235,406,506,32.08 
GeForce RTX 2060 SUPER,NVIDIA,2019,16514,881,529,31.22 
Radeon VII,AMD,2019,16767,788,1900,8.82 
Radeon RX 5700 XT,AMD,2019,16892,955,695,24.31 
GeForce RTX 2070 SUPER,NVIDIA,2019,18168,896,614,29.59 
Intel UHD 600,Intel,2018,328,98,35,9.37 
Intel UHD 605,Intel,2018,370,112,21,17.62 
Radeon R5 A6-8500P,AMD,2018,624,209,30,20.80 
Radeon R7E,AMD,2018,690,208,70,9.86 
Intel UHD 610,Intel,2018,729,180,56,13.02 
IncrediblE HD 4600,Intel,2018,750,735,120,6.25 
Radeon R7 PRO A10-9700B,AMD,2018,758,259,43,17.63 
Intel UHD 615,Intel,2018,760,197,46,16.52 
GRID M60-0Q,NVIDIA,2018,827,516,61,13.56 
Barco MXRT 2600,Others,2018,900,649,199,4.52 
Radeon R6 A10-9600P 4C+6G,AMD,2018,970,336,107,9.07 
Radeon R5 A6-9500E 2C+4G,AMD,2018,1015,438,100,10.15 
Radeon R7 A10-9700E RADEON,AMD,2018,1138,346,104,10.94 
Ryzen 5 2500U with Radeon Vega,AMD,2018,1503,388,116,12.96 
Quadro P500,NVIDIA,2018,1508,247,157,9.61 
Radeon HD 8470D + HD 7500 Dual,AMD,2018,1545,465,120,12.88 
Radeon RX Vega 8,AMD,2018,1552,385,99,15.68 
Ryzen 7 2700U with Radeon Vega,AMD,2018,1617,442,167,9.68 
Intel Iris Plus 655,Intel,2018,1772,368,105,16.88 
Embedded Radeon E9173,AMD,2018,1798,368,88,20.43 
Radeon RX 570X,AMD,2018,1923,750,280,6.87 
GRID P100-1B,NVIDIA,2018,2223,544,83,26.78 
Radeon RX 550X,AMD,2018,2370,508,142,16.69 
N18E-Q1,NVIDIA,2018,2525,547,174,14.51 
Barco MXRT 5500,Others,2018,2702,510,299,9.04 
Radeon Pro V340 MxGPU,AMD,2018,2853,118,170,16.78 
Radeon RX 560X,AMD,2018,3181,487,216,14.73 
GRID M10-4Q,NVIDIA,2018,3224,486,296,10.89 
Radeon RX Vega M GL,AMD,2018,3315,506,168,19.73 
GRID P40-2B,NVIDIA,2018,3354,633,218,15.39 
Quadro P620,NVIDIA,2018,3640,575,236,15.42 
Radeon Pro 560X,AMD,2018,3678,711,295,12.47 
GeForce GTX 1050 with Max-Q Design,NVIDIA,2018,3785,297,153,24.74 
GRID P6-2Q,NVIDIA,2018,3926,337,266,14.76 
GRID P40-2Q,NVIDIA,2018,4288,633,166,25.83 
GRID P6-4Q,NVIDIA,2018,4429,586,400,11.07 
Quadro P2000 with Max-Q Design,NVIDIA,2018,4597,533,237,19.40 
EIZO Quadro MED-XN51LP,NVIDIA,2018,4955,812,498,9.95 
Radeon Pro Vega 20,AMD,2018,5117,544,467,10.96 
GRID P100-16Q,NVIDIA,2018,5945,757,271,21.94 
GeForce GTX 970XM FORCE,NVIDIA,2018,6707,725,606,11.07 
Radeon RX Vega M GH,AMD,2018,6734,833,325,20.72 
Radeon RX 580 2048SP,AMD,2018,7768,669,596,13.03 
Radeon RX 580X,AMD,2018,7798,885,511,15.26 
Quadro P3200,NVIDIA,2018,8663,510,389,22.27 
GeForce GTX 1060 5GB,NVIDIA,2018,8704,680,488,17.84 
Quadro P3200 with Max-Q Design,NVIDIA,2018,9242,557,699,13.22 
Radeon RX 590,AMD,2018,9665,810,550,17.57 
Quadro P4200,NVIDIA,2018,9827,607,595,16.52 
Quadro P4200 with Max-Q Design,NVIDIA,2018,11869,583,711,16.69 
Quadro P5200,NVIDIA,2018,12144,667,717,16.94 
Quadro P5200 with Max-Q Design,NVIDIA,2018,12323,581,648,19.02 
Radeon Pro WX 8200,AMD,2018,14110,824,1599,8.82 
Quadro RTX 4000,NVIDIA,2018,15515,904,899,17.26 
GeForce RTX 2070,NVIDIA,2018,16079,833,627,25.64 
Quadro RTX 5000,NVIDIA,2018,16260,763,767,21.20 
TITAN V CEO Edition,NVIDIA,2018,16988,1086,1381,12.30 
Matrox G200eW3 WDDM 2.0,Others,2017,94,316,33,2.85 
Radeon HD 7640G + 8600M Dual,AMD,2017,250,217,41,6.10 
Radeon R1E,AMD,2017,301,179,27,11.15 
Radeon R5 Opteron X3216,AMD,2017,394,182,46,8.57 
Radeon R6 A8-8600P,AMD,2017,475,151,23,20.65 
Radeon R4E,AMD,2017,487,366,40,12.18 
Radeon R5 420,AMD,2017,575,230,40,14.38 
Radeon HD 8450G + HD 8670M Dual,AMD,2017,575,377,42,13.69 
Radeon HD 8450G + R5 M230 Dual,AMD,2017,578,298,58,9.97 
Radeon R5 PRO A6-8570E 2C+4G,AMD,2017,638,268,63,10.13 
Radeon R5 PRO A8-9600B 4C+6G,AMD,2017,659,224,71,9.28 
Radeon R8 M535DX,AMD,2017,670,182,55,12.18 
Intel HD 610,Intel,2017,673,156,38,17.71 
Radeon R5 PRO A6-8530B 2C+4G,AMD,2017,690,354,60,11.50 
Radeon R5 PRO A6-9500B 2C+4G,AMD,2017,693,323,54,12.83 
Radeon R5 PRO A10-8730B 4C+6G,AMD,2017,695,201,46,15.11 
Radeon R7 PRO A12-9800B,AMD,2017,722,197,71,10.17 
Radeon R5 A10-9620P 4C+6G,AMD,2017,732,196,33,22.18 
Radeon HD 6450 + 8470D Dual,AMD,2017,763,486,81,9.42 
Radeon R7 PRO A10-9700,AMD,2017,771,212,43,17.93 
Radeon R5 PRO A6-9500E 2C+4G,AMD,2017,771,288,40,19.28 
Radeon R7 A10-8850,AMD,2017,773,277,71,10.89 
Radeon R7 A8-9600 RADEON,AMD,2017,798,194,89,8.97 
Radeon 520,AMD,2017,833,216,90,9.26 
Radeon R5 PRO A6-8570 2C+6G,AMD,2017,847,292,70,12.10 
Radeon R5 A6-9500 2C+6G,AMD,2017,853,249,72,11.85 
Radeon R7 A8-7500 4C+6G,AMD,2017,853,390,71,12.01 
Radeon R7 PRO A12-8830B,AMD,2017,883,341,85,10.39 
Radeon R7 PRO A10-8770E,AMD,2017,897,233,100,8.97 
Radeon 6750M,AMD,2017,911,570,82,11.11 
Radeon R7 PRO A10-8770,AMD,2017,931,241,54,17.24 
Radeon R5 430,AMD,2017,939,313,59,15.92 
Radeon R7 PRO A12-9800E,AMD,2017,940,250,82,11.46 
Radeon R7 A12-9800E RADEON,AMD,2017,941,257,139,6.77 
Radeon 530,AMD,2017,945,181,68,13.90 
Radeon R7 A8-7500,AMD,2017,948,336,108,8.78 
Radeon R7 A10-9700 RADEON,AMD,2017,975,239,48,20.31 
Radeon R5 A10-9630P 4C+6G,AMD,2017,977,270,73,13.38 
Radeon R7 A12-9800 RADEON,AMD,2017,989,288,66,14.98 
RadeonT R5 430,AMD,2017,1016,524,99,10.26 
Intel UHD Graphics 620,Intel,2017,1037,247,115,9.02 
Radeon R7 A12-9730P RADEON,AMD,2017,1047,283,79,13.25 
Radeon R5 PRO A6-9500 2C+6G,AMD,2017,1096,353,74,14.81 
Radeon R7 430,AMD,2017,1110,416,200,5.55 
Radeon R7 PRO A12-9800,AMD,2017,1117,334,74,15.09 
Radeon R7 Opteron X3421,AMD,2017,1169,328,109,10.72 
Radeon R7 + R5 340 Dual,AMD,2017,1235,471,151,8.18 
Intel HD P630,Intel,2017,1237,351,138,8.96 
Radeon HD 7560D + HD 7600 Dual,AMD,2017,1258,457,57,22.07 
Radeon 540,AMD,2017,1273,272,83,15.34 
Intel UHD 630,Intel,2017,1293,305,71,18.21 
Radeon R7 PRO A8-8670E,AMD,2017,1310,442,87,15.06 
Radeon HD 8670D + HD 7600 Dual,AMD,2017,1318,472,67,19.67 
Intel Iris Plus 640,Intel,2017,1333,343,92,14.49 
Radeon R7 PRO A12-8870,AMD,2017,1376,541,152,9.05 
Radeon HD 8470D + HD 6670 Dual,AMD,2017,1436,512,93,15.44 
GeForce MX110,NVIDIA,2017,1469,195,126,11.66 
Intel Iris Plus 650,Intel,2017,1575,380,164,9.60 
Quadro P400,NVIDIA,2017,1614,427,201,8.03 
Radeon Pro WX 2100,AMD,2017,1755,398,92,19.08 
Radeon RX 540,AMD,2017,1793,399,176,10.19 
Intel Iris 650,Intel,2017,1795,764,218,8.23 
GRID M60-0B,NVIDIA,2017,1838,596,154,11.94 
Radeon Pro WX 4130,AMD,2017,1881,395,128,14.70 
Radeon HD 8670D + HD 7700 Dual,AMD,2017,1892,446,121,15.64 
GeForce MX130,NVIDIA,2017,1895,195,84,22.56 
Radeon Pro WX 4150,AMD,2017,1935,413,612,3.16 
Radeon 550,AMD,2017,1959,501,100,19.59 
Quadro M520,NVIDIA,2017,1981,234,153,12.95 
GRID M10-1B,NVIDIA,2017,2310,417,221,10.45 
GeForce GT 1030,NVIDIA,2017,2545,449,110,23.14 
Radeon Pro WX 3100,AMD,2017,2627,491,181,14.51 
FirePro M6100 FireGL V,AMD,2017,2656,519,164,16.20 
Radeon RX 550,AMD,2017,2718,484,158,17.20 
Quadro M620,NVIDIA,2017,2845,422,121,23.51 
Quadro P600,NVIDIA,2017,3324,482,326,10.20 
Quadro M1200,NVIDIA,2017,3342,311,173,19.32 
GRID M10-1Q,NVIDIA,2017,3351,556,153,21.90 
Radeon E8870PCIe,AMD,2017,3368,708,176,19.14 
Radeon Pro 560,AMD,2017,3475,724,246,14.13 
GeForce GTX 680M KY_Bullet Edition,NVIDIA,2017,3569,581,253,14.11 
Radeon RX 560,AMD,2017,3594,506,226,15.90 
Quadro M2200,NVIDIA,2017,4342,385,250,17.37 
P104-100,NVIDIA,2017,4450,114,300,14.83 
Quadro P1000,NVIDIA,2017,4466,659,213,20.97 
P106-100,NVIDIA,2017,5967,339,441,13.53 
Radeon Pro 570,AMD,2017,6337,697,481,13.17 
Quadro P3000,NVIDIA,2017,6572,461,618,10.63 
Quadro P2000,NVIDIA,2017,7096,692,542,13.09 
GeForce GTX 1060 with Max-Q Design,NVIDIA,2017,7907,430,435,18.18 
Quadro P4000 with Max-Q Design,NVIDIA,2017,9083,700,766,11.86 
GeForce GTX 1070 with Max-Q Design,NVIDIA,2017,10030,466,325,30.86 
Quadro P4000,NVIDIA,2017,11422,820,556,20.54 
GeForce GTX 1080 with Max-Q Design,NVIDIA,2017,11507,731,940,12.24 
Radeon Pro Vega 56,AMD,2017,12386,860,967,12.81 
Radeon Pro Vega 64,AMD,2017,12402,836,1147,10.81 
Radeon Pro WX 9100,AMD,2017,13241,772,1112,11.91 
Radeon RX Vega 56,AMD,2017,13636,784,753,18.11 
Radeon Vega Frontier Edition,AMD,2017,13748,753,1680,8.18 
Radeon RX Vega 64,AMD,2017,14636,810,800,18.30 
Radeon HD 7640G + R5 M230 Dual,AMD,2016,239,75,26,9.19 
Radeon HD 7660G + HD 8600M Dual,AMD,2016,364,337,41,8.88 
Radeon R5 M420,AMD,2016,470,164,23,20.43 
Radeon HD 7520G + HD 7670M Dual,AMD,2016,495,295,53,9.34 
Radeon HD 8450G + HD 8750M Dual,AMD,2016,504,323,59,8.54 
Radeon HD 8550G + HD 8570M Dual,AMD,2016,529,260,27,19.59 
Radeon R6 PRO A8-8600B 4C+6G,AMD,2016,532,158,42,12.67 
Radeon R6 A10-8700P,AMD,2016,541,141,46,11.76 
Radeon HD 8550G + HD 8670M Dual,AMD,2016,546,315,71,7.69 
Radeon R5 A10-9600P 4C+6G,AMD,2016,619,146,54,11.46 
Radeon HD 8650G + HD 7670M Dual,AMD,2016,634,305,51,12.43 
GeForce GT 710,NVIDIA,2016,637,214,103,6.18 
Radeon R7 PRO A12-8800B,AMD,2016,642,201,61,10.52 
Radeon R5 M430,AMD,2016,649,516,101,6.43 
Radeon HD 8610G + R5 M200 Dual,AMD,2016,676,291,55,12.29 
Asus GTX 650 FML II EC-EGPU,Others,2016,721,534,53,13.60 
Intel HD 615,Intel,2016,724,187,68,10.65 
Radeon R7 FX-8800P,AMD,2016,775,184,75,10.33 
Radeon R7 A10-7890K,AMD,2016,781,241,73,10.70 
Radeon R5 M435,AMD,2016,796,179,34,23.41 
Radeon R7 A10 Extreme Edition,AMD,2016,816,286,61,13.38 
Radeon R7 M440,AMD,2016,862,180,59,14.61 
Radeon HD 7660G + HD 7730M Dual,AMD,2016,882,329,54,16.33 
Radeon HD 8550G + 7600M Dual,AMD,2016,901,395,67,13.45 
Radeon R7 A10-7860K,AMD,2016,912,228,60,15.20 
GRID M6-0B,NVIDIA,2016,912,764,75,12.16 
Intel HD Graphics 620,Intel,2016,923,218,66,13.98 
Radeon R7 340,AMD,2016,931,357,116,8.03 
Radeon R7 PRO A10-8850B,AMD,2016,945,552,114,8.29 
Radeon HD 6670/7670,AMD,2016,946,320,109,8.68 
Radeon R7 PRO A12-8870E,AMD,2016,962,312,88,10.93 
Radeon R7 M465,AMD,2016,965,342,96,10.05 
Radeon R5 340,AMD,2016,996,370,89,11.19 
Radeon R7 + R5 330 Dual,AMD,2016,1028,531,57,18.04 
Radeon HD 8570D + HD 8570 Dual,AMD,2016,1033,520,102,10.13 
Radeon R7 M460,AMD,2016,1038,223,65,15.97 
Radeon R7 PRO A8-9600,AMD,2016,1049,482,127,8.26 
GeForce 920MX,NVIDIA,2016,1088,149,104,10.46 
Quadro M500M,NVIDIA,2016,1098,186,64,17.16 
Intel HD 630,Intel,2016,1118,269,118,9.47 
Radeon HD 8850M / R9 M265X,AMD,2016,1140,741,167,6.83 
Barco MXRT 5400,Others,2016,1161,457,203,5.72 
Radeon R7 +8G,AMD,2016,1191,460,108,11.03 
Radeon R7 + R7 250 Dual,AMD,2016,1232,576,84,14.67 
Radeon R7 A370,AMD,2016,1281,742,123,10.41 
GeForce 930MX,NVIDIA,2016,1302,191,51,25.53 
Intel Iris 550,Intel,2016,1344,307,120,11.20 
GeForce 940MX,NVIDIA,2016,1503,171,73,20.59 
Radeon R7 M465X,AMD,2016,1624,440,78,20.82 
Intel Iris Pro P6300,Intel,2016,1654,552,185,8.94 
Matrox C900 PCIe x16,Others,2016,1812,761,194,9.34 
GeForce 945M,NVIDIA,2016,1945,256,131,14.85 
Radeon R7 450,AMD,2016,1966,573,299,6.58 
Radeon R7 + R7 350 Dual,AMD,2016,1982,552,96,20.65 
Intel Iris Pro 580,Intel,2016,1993,371,129,15.45 
Radeon R9 350,AMD,2016,2007,552,299,6.71 
Radeon TM R9 A360,AMD,2016,2105,718,211,9.98 
Intel Iris Pro P580,Intel,2016,2169,573,119,18.23 
Radeon R9 M470,AMD,2016,2288,324,191,11.98 
GRID M10-8Q,NVIDIA,2016,2606,557,101,25.80 
Radeon Pro 450,AMD,2016,2723,619,158,17.23 
Radeon R9 260,AMD,2016,3018,643,269,11.22 
Radeon Pro 455,AMD,2016,3113,705,449,6.93 
Radeon R9 M485X,AMD,2016,3204,492,144,22.25 
GeForce 770M,NVIDIA,2016,3246,500,177,18.34 
Radeon R9 M470X,AMD,2016,3400,552,329,10.33 
Radeon Pro 460,AMD,2016,3453,679,305,11.32 
Radeon Pro WX 4100,AMD,2016,3766,690,500,7.53 
GeForce GTX 965M,NVIDIA,2016,3824,338,309,12.38 
GRID M60-4Q,NVIDIA,2016,3831,278,257,14.91 
Quadro M2000,NVIDIA,2016,3942,565,264,14.93 
Radeon RX 460,AMD,2016,4114,570,167,24.63 
GRID M60-1B,NVIDIA,2016,4457,483,288,15.48 
GeForce GTX 1050,NVIDIA,2016,5090,475,203,25.07 
Radeon Pro WX 5100,AMD,2016,5511,820,551,10.00 
FirePro S7150,AMD,2016,6276,866,1698,3.70 
GeForce GTX 1050 Ti,NVIDIA,2016,6314,651,189,33.41 
Radeon Pro WX 7100,AMD,2016,7822,787,1048,7.46 
Quadro M5500,NVIDIA,2016,7915,698,260,30.44 
Radeon RX 470/570,AMD,2016,8070,726,389,20.75 
Radeon Pro Duo,AMD,2016,8324,715,1199,6.94 
GeForce GTX 1060 3GB,NVIDIA,2016,9728,779,305,31.90 
Quadro P5000,NVIDIA,2016,11976,701,1869,6.41 
Quadro M6000 24GB,NVIDIA,2016,12264,774,755,16.24 
NVIDIA TITAN X,NVIDIA,2016,13660,912,608,22.47 
GeForce GTX 1080,NVIDIA,2016,15265,890,443,34.46 
Quadro GP100,NVIDIA,2016,16203,858,956,16.95 
GeForce 9800 GT 1024MB,NVIDIA,2015,134,315,17,7.88 
Radeon E6465,AMD,2015,231,354,31,7.45 
GeForce 7950 Xtreme,NVIDIA,2015,288,288,51,5.65 
Radeon HD 7600G + HD 7400M Dual,AMD,2015,329,147,19,17.32 
Radeon HD 8310E,AMD,2015,341,187,19,17.95 
Radeon HD 6480M,AMD,2015,353,282,30,11.77 
Radeon HD 8500M,AMD,2015,397,115,32,12.41 
GeForce 810M,NVIDIA,2015,402,71,31,12.97 
Radeon R5 M320,AMD,2015,418,137,35,11.94 
GeForce 710A,NVIDIA,2015,451,258,36,12.53 
Radeon HD 8450G + HD 8600M Dual,AMD,2015,452,326,25,18.08 
Radeon HD 8690A,AMD,2015,466,128,27,17.26 
Radeon R5 M315,AMD,2015,476,205,54,8.81 
Radeon HD 7520G + 7400M Dual,AMD,2015,487,280,57,8.54 
GeForce 820M,NVIDIA,2015,511,111,49,10.43 
Radeon HD 7600G + HD 8670M Dual,AMD,2015,544,241,61,8.92 
Radeon HD 7520G + HD 7400M Dual,AMD,2015,545,315,64,8.52 
Radeon R7 M360,AMD,2015,552,150,35,15.77 
Radeon HD 7640G + R5 M200 Dual,AMD,2015,559,249,32,17.47 
Radeon R6 + R7 M265DX Dual,AMD,2015,571,328,59,9.68 
Intel Skylake HD DT GT2,NVIDIA,2015,577,402,39,14.79 
GeForce 910M,NVIDIA,2015,578,150,65,8.89 
Radeon HD 8650G + HD 8670M Dual,AMD,2015,585,320,30,19.50 
Radeon HD 7640G + HD 7700M Dual,AMD,2015,589,277,61,9.66 
Intel HD 510,Intel,2015,619,160,68,9.10 
Radeon HD 8550G + R5 M200 Dual,AMD,2015,619,276,78,7.94 
Intel HD 515,Intel,2015,623,190,58,10.74 
Radeon HD 8510G + HD 8500M Dual,AMD,2015,630,191,72,8.75 
Matrox C420 LP PCIe x16,Others,2015,635,457,95,6.68 
Radeon R7 M340,AMD,2015,646,151,60,10.77 
Radeon HD 7520G + HD 8750M Dual,AMD,2015,651,289,53,12.28 
Radeon R7 A360,AMD,2015,676,346,79,8.56 
Radeon HD 7640G + HD 8670M Dual,AMD,2015,677,249,50,13.54 
Radeon HD 7570M/HD 7670M,AMD,2015,699,555,106,6.59 
Radeon R7 A8-7650K,AMD,2015,704,208,58,12.14 
Radeon HD 7660G + HD 8670M Dual,AMD,2015,711,325,36,19.75 
Radeon HD 8670D + HD 7000 Dual,AMD,2015,719,403,46,15.63 
GeForce 920M,NVIDIA,2015,723,119,36,20.08 
Radeon HD 8650G + R5 M200 Dual,AMD,2015,723,323,74,9.77 
Radeon R5 235 + HD 8570D Dual,AMD,2015,738,486,68,10.85 
Radeon R7 PRO A8-8650B,AMD,2015,740,192,48,15.42 
Radeon R8 M365DX,AMD,2015,741,336,92,8.05 
Radeon HD 8570D + HD 7000 Dual,AMD,2015,753,465,94,8.01 
Radeon R7 PRO A10-8750B,AMD,2015,758,224,64,11.84 
Radeon R9 M375,AMD,2015,763,172,61,12.51 
GeForce 730A,NVIDIA,2015,769,205,77,9.99 
Radeon HD 8650G + HD 7600M Dual,AMD,2015,820,346,37,22.16 
Intel HD 6000,Intel,2015,851,277,89,9.56 
Radeon HD 8550G + HD 7600M Dual,AMD,2015,855,350,60,14.25 
Intel HD 520,Intel,2015,866,211,68,12.74 
Radeon R7 A8-7670K,AMD,2015,866,310,49,17.67 
Radeon R7 G,AMD,2015,870,532,66,13.18 
GeForce 920A,NVIDIA,2015,872,242,86,10.14 
Radeon R7 M365X,AMD,2015,884,234,94,9.40 
Radeon R7 A10-8750,AMD,2015,885,243,61,14.51 
Intel Iris 6100,Intel,2015,907,314,96,9.45 
Radeon R9 M280X,AMD,2015,922,272,76,12.13 
Intel Iris Pro 6100,Intel,2015,925,548,126,7.34 
Radeon HD 7660D + R7 240 Dual,AMD,2015,942,453,80,11.78 
Radeon R7 M260X,AMD,2015,947,175,40,23.68 
FirePro W4170M,AMD,2015,953,223,89,10.71 
Intel HD 530,Intel,2015,984,247,92,10.70 
Radeon HD 7640G + HD 8750M Dual,AMD,2015,997,293,113,8.82 
GeForce 930M,NVIDIA,2015,1011,153,68,14.87 
Radeon R9 A375,AMD,2015,1024,232,69,14.84 
Radeon R7 M350,AMD,2015,1027,230,72,14.26 
Radeon R7 + R7 240 Dual,AMD,2015,1045,374,102,10.25 
OPAL XT/GL,AMD,2015,1053,640,81,13.00 
FirePro M4170,AMD,2015,1067,290,62,17.21 
GeForce 930A,NVIDIA,2015,1082,391,100,10.82 
Firepro W4190M,AMD,2015,1086,194,57,19.05 
GeForce 940M,NVIDIA,2015,1106,154,48,23.04 
GeForce 940A,NVIDIA,2015,1145,348,112,10.22 
Quadro K620M,NVIDIA,2015,1157,157,91,12.71 
Intel HD P530,Intel,2015,1202,277,65,18.49 
Radeon R9 M270X,AMD,2015,1204,306,68,17.71 
N16P-GX,NVIDIA,2015,1205,803,156,7.72 
Radeon HD 8790M / R9 M290X,AMD,2015,1211,694,161,7.52 
GeForce GPU,NVIDIA,2015,1236,164,103,12.00 
Intel Iris 540,Intel,2015,1257,327,102,12.32 
Radeon R7 A10-7870K,AMD,2015,1280,273,138,9.28 
FirePro W5130M,AMD,2015,1341,307,66,20.32 
Radeon HD 7560D + HD 7700 Dual,AMD,2015,1347,497,110,12.25 
Radeon R7 M370,AMD,2015,1418,676,64,22.16 
Intel Iris Pro Graphics 6200,Intel,2015,1429,563,84,17.01 
GeForce 845M,NVIDIA,2015,1430,233,117,12.22 
Radeon R9 M365X,AMD,2015,1482,446,154,9.62 
Radeon HD 6670 + 7660D Dual,AMD,2015,1492,483,74,20.16 
FirePro W6150M,AMD,2015,1515,314,152,9.97 
Seria Radeon HD 7700,AMD,2015,1604,201,72,22.28 
Radeon HD HD7850M,AMD,2015,1652,686,139,11.88 
Radeon R7 M380,AMD,2015,1669,534,136,12.27 
Radeon R9 M360,AMD,2015,1753,445,143,12.26 
FirePro M5100 FireGL V,AMD,2015,1839,867,238,7.73 
Radeon R9 M375X,AMD,2015,1843,392,125,14.74 
GeForce 945A,NVIDIA,2015,1852,716,158,11.72 
Radeon R9 M385X,AMD,2015,1929,285,146,13.21 
Radeon HD 7660D + HD 7700 Dual,AMD,2015,1958,495,161,12.16 
Quadro M600M,NVIDIA,2015,2008,446,252,7.97 
Radeon R9 M385,AMD,2015,2018,230,109,18.51 
GeForce GTX 960A,NVIDIA,2015,2411,631,175,13.78 
GeForce GTX 950A,NVIDIA,2015,2483,282,117,21.22 
GeForce GTX 950M,NVIDIA,2015,2602,219,567,4.59 
FirePro W4300,AMD,2015,2863,771,240,11.93 
Quadro K1200,NVIDIA,2015,2874,575,204,14.09 
Radeon R9 M380,AMD,2015,2931,617,186,15.76 
Quadro M1000M,NVIDIA,2015,2987,335,86,34.73 
Radeon R9 360,AMD,2015,3032,460,134,22.63 
Radeon R7 360,AMD,2015,3034,495,146,20.78 
FirePro W7170M,AMD,2015,3162,418,175,18.07 
Quadro M2000M,NVIDIA,2015,3539,342,213,16.62 
GRID M6-8Q,NVIDIA,2015,3568,556,301,11.85 
GRID M60-8Q,NVIDIA,2015,3884,618,318,12.21 
GRID M60-1Q,NVIDIA,2015,4251,211,177,24.02 
GRID M60-2Q,NVIDIA,2015,4316,339,416,10.38 
Barco MXRT 7500,Others,2015,4319,762,299,14.44 
Radeon R7 370,AMD,2015,4479,595,234,19.14 
Radeon R9 M395X,AMD,2015,4775,762,451,10.59 
Radeon R9 M395,AMD,2015,4991,725,512,9.75 
Radeon R9 285 / 380,AMD,2015,5550,655,485,11.44 
GeForce GTX 960,NVIDIA,2015,6042,671,172,35.13 
Radeon R9 380X,AMD,2015,6189,670,350,17.68 
Quadro M4000M,NVIDIA,2015,6530,471,255,25.61 
Quadro M4000,NVIDIA,2015,6644,689,362,18.35 
Quadro M5000M,NVIDIA,2015,6807,482,547,12.44 
Tesla M60,NVIDIA,2015,7771,563,788,9.86 
Radeon R9 390,AMD,2015,9008,816,881,10.22 
Quadro M5000,NVIDIA,2015,9262,679,499,18.56 
Radeon R9 390X,AMD,2015,9503,840,552,17.22 
Radeon R9 Fury,AMD,2015,9551,791,443,21.56 
Radeon R9 Fury + Fury X,AMD,2015,9741,811,450,21.65 
Radeon R9 Fury X,AMD,2015,10088,875,431,23.41 
Tesla M40,NVIDIA,2015,10117,364,600,16.86 
Quadro M6000,NVIDIA,2015,11397,788,1100,10.36 
GeForce GTX TITAN X,NVIDIA,2015,13173,843,1097,12.01 
GeForce GTX 980 Ti,NVIDIA,2015,13864,854,719,19.28 
Radeon HD 3000,AMD,2014,96,264,22,4.36 
Radeon HD 4300/4500 Serisi,AMD,2014,156,347,32,4.88 
Radeon R2E,AMD,2014,229,100,24,9.54 
Radeon R2,AMD,2014,240,68,10,24.00 
GRID K120Q,NVIDIA,2014,293,278,27,10.85 
Radeon R5E,AMD,2014,300,106,34,8.82 
Radeon R3,AMD,2014,304,97,29,10.48 
Radeon HD 7520G + 8600/8700M Dual,AMD,2014,311,329,33,9.42 
Radeon HD 8280,AMD,2014,319,141,24,13.29 
Radeon R5 235,AMD,2014,329,176,60,5.48 
Intel HD 5300,Intel,2014,389,186,39,9.97 
Radeon R5 M230,AMD,2014,391,139,27,14.48 
Radeon HD 7600G + 7550M Dual,AMD,2014,423,247,27,15.67 
Radeon R5 M240,AMD,2014,432,247,51,8.47 
Radeon HD 7600G + HD Dual,AMD,2014,435,158,39,11.15 
Radeon HD 8410G,AMD,2014,435,263,51,8.53 
Radeon HD 7620G + HD 8600M Dual,AMD,2014,443,267,26,17.04 
Radeon HD 7660G + 8600M Dual,AMD,2014,446,360,25,17.84 
Radeon HD 7520G + HD 7600M Dual,AMD,2014,447,150,51,8.76 
HIS DIGITAL HD 4650 AGP,AMD,2014,452,190,58,7.79 
Radeon HD 7640G + HD 8570M Dual,AMD,2014,475,196,46,10.33 
Radeon HD 8610G + HD 8600M Dual,AMD,2014,481,156,50,9.62 
Radeon HD 8550G + R5 M230 Dual,AMD,2014,488,211,42,11.62 
GeForce GT625M,NVIDIA,2014,493,170,27,18.26 
Radeon R5 M255,AMD,2014,496,142,32,15.50 
Radeon R7 M265DX,AMD,2014,499,138,32,15.59 
Radeon HD 7620G + HD 8670M Dual,AMD,2014,507,267,49,10.35 
Radeon HD 7600G + HD 7550M Dual,AMD,2014,509,202,33,15.42 
Radeon HD 7640G + HD 7670M Dual,AMD,2014,519,97,49,10.59 
Radeon R5 240,AMD,2014,520,191,85,6.12 
Radeon HD 7640G + 8670M Dual,AMD,2014,558,316,66,8.45 
Radeon HD 8550G + HD 8500M Dual,AMD,2014,559,301,41,13.63 
Radeon R7 A10 PRO-7800B,AMD,2014,562,289,67,8.39 
GeForce 820A,NVIDIA,2014,568,162,54,10.52 
Radeon R6 M255DX,AMD,2014,572,106,27,21.19 
Radeon R7 M265,AMD,2014,576,170,45,12.80 
Intel HD 5500,Intel,2014,582,234,32,18.19 
Radeon HD 7640G + 8500M Dual,AMD,2014,586,308,70,8.37 
Radeon HD 7660G + 8670M Dual,AMD,2014,588,333,79,7.44 
Radeon HD 8550G + HD 8600M Dual,AMD,2014,594,322,69,8.61 
Radeon HD 8510G + 8500M Dual,AMD,2014,596,260,46,12.96 
Radeon HD 8610G + 8670M Dual,AMD,2014,600,356,51,11.76 
GeForce GT 720A,NVIDIA,2014,601,221,28,21.46 
GeForce GT 720,NVIDIA,2014,606,196,100,6.06 
Radeon HD 8650G + HD 8600M Dual,AMD,2014,606,378,30,20.20 
Radeon HD 7640G + HD 8500M Dual,AMD,2014,607,305,38,15.97 
Radeon HD 7660G + HD 7600M Dual,AMD,2014,616,116,30,20.53 
Radeon HD 7640G + HD 7400M Dual,AMD,2014,621,297,80,7.76 
GeForce 810A,NVIDIA,2014,622,319,39,15.95 
Radeon R7 A8 PRO-7600B,AMD,2014,627,156,48,13.06 
Radeon HD 8610G + HD 8500M Dual,AMD,2014,646,274,68,9.50 
Radeon R6,AMD,2014,656,147,66,9.94 
Radeon HD 8550D,AMD,2014,685,357,81,8.46 
Radeon HD 8650G + R5 M230 Dual,AMD,2014,686,374,71,9.66 
Radeon R7 A10-7800,AMD,2014,691,197,48,14.40 
Radeon HD 7640G + HD 7600M Dual,AMD,2014,704,277,41,17.17 
Radeon HD 7660G + HD 7670M Dual,AMD,2014,707,317,48,14.73 
Radeon HD 8650G + HD 8570M Dual,AMD,2014,716,317,87,8.23 
Radeon R7 M270,AMD,2014,734,167,36,20.39 
Radeon HD 7640G + 7650M Dual,AMD,2014,747,188,78,9.58 
Radeon R7 A10-7700K,AMD,2014,749,227,61,12.28 
Radeon HD 7640G + 7450M Dual,AMD,2014,754,353,70,10.77 
Radeon HD 7660G + HD 8500M Dual,AMD,2014,758,355,43,17.63 
GeForce 825M,NVIDIA,2014,769,293,46,16.72 
Radeon HD 7660G + HD 7700M Dual,AMD,2014,777,168,40,19.43 
Radeon HD 8650G + HD 8750M Dual,AMD,2014,779,345,39,19.97 
Radeon R7 A8-7600,AMD,2014,782,210,67,11.67 
Radeon HD 8650G + HD 8790M Dual,AMD,2014,800,404,86,9.30 
GeForce GT 730,NVIDIA,2014,812,238,110,7.38 
GeForce GT 730M,NVIDIA,2014,816,173,85,9.60 
Radeon HD 8550G + HD 8750M Dual,AMD,2014,819,336,50,16.38 
Radeon R7 M260DX,AMD,2014,822,210,88,9.34 
Radeon HD 7540D + 7500 Dual,AMD,2014,822,471,108,7.61 
Radeon HD 8670D + R5 235 Dual,AMD,2014,837,518,59,14.19 
Radeon HD 8470D + 6570 Dual,AMD,2014,838,454,73,11.48 
FirePro W2100,AMD,2014,890,327,59,15.08 
GRID K220Q,NVIDIA,2014,912,539,98,9.31 
Radeon R7 240 + HD 8570D Dual,AMD,2014,918,352,112,8.20 
Radeon R9 M265X,AMD,2014,929,212,65,14.29 
Radeon R7 240 + HD 8670D Dual,AMD,2014,930,471,77,12.08 
Radeon HD 7660G + 7730M Dual,AMD,2014,931,392,55,16.93 
Radeon HD 7560D + HD 8570 Dual,AMD,2014,936,425,80,11.70 
Radeon R7 A265,AMD,2014,955,737,68,14.04 
Radeon R7 A10 PRO-7850B,AMD,2014,958,403,87,11.01 
Radeon R7 M270DX,AMD,2014,962,233,81,11.88 
Radeon HD 8570D + R7 240 Dual,AMD,2014,964,489,119,8.10 
Radeon HD 8670D + 8570 Dual,AMD,2014,974,419,103,9.46 
GeForce 830M,NVIDIA,2014,976,136,42,23.24 
Radeon R7 A10-7850K,AMD,2014,982,286,84,11.69 
Radeon HD 7560D + 7560D Dual,AMD,2014,983,420,58,16.95 
Radeon HD 8570D + R7 200 Dual,AMD,2014,999,401,113,8.84 
GeForce 830A,NVIDIA,2014,1005,736,63,15.95 
Radeon HD 8670D + R7 240 Dual,AMD,2014,1020,525,100,10.20 
Radeon HD 8600/8700M,AMD,2014,1030,554,61,16.89 
Radeon HD 8570D + 6670 Dual,AMD,2014,1040,505,53,19.62 
GeForce GTX 850A,NVIDIA,2014,1050,551,59,17.80 
GeForce GTX 760A,NVIDIA,2014,1060,476,70,15.14 
GeForce 840M,NVIDIA,2014,1067,147,47,22.70 
GeForce GTX 850M - MODDED,NVIDIA,2014,1092,819,165,6.62 
Radeon HD 8650G + 7700M Dual,AMD,2014,1126,399,127,8.87 
Radeon R7 + R7 200 Dual,AMD,2014,1129,310,107,10.55 
GeForce 840A,NVIDIA,2014,1180,266,47,25.11 
Radeon HD 8670D + HD 6670 Dual,AMD,2014,1222,541,84,14.55 
Radeon HD 7560D + HD 6570 Dual,AMD,2014,1237,528,113,10.95 
Radeon HD 8570D + 6570 Dual,AMD,2014,1239,459,54,22.94 
Radeon HD 8570D + HD 6670 Dual,AMD,2014,1261,537,141,8.94 
Radeon HD 7560D + HD 7670 Dual,AMD,2014,1380,463,138,10.00 
Radeon R9 255,AMD,2014,1485,395,344,4.32 
Radeon HD 7660D + HD 6670 Dual,AMD,2014,1485,515,165,9.00 
GeForce GT 740,NVIDIA,2014,1529,344,237,6.45 
FirePro W4100,AMD,2014,1541,535,184,8.38 
Firepro W5170M,AMD,2014,1555,399,63,24.68 
Radeon HD 7560D + HD 6670 Dual,AMD,2014,1555,652,190,8.18 
Radeon R9 M275X / M375,AMD,2014,1575,467,88,17.90 
Radeon E8860,AMD,2014,1626,528,121,13.44 
Radeon HD 8570D + HD 7700 Dual,AMD,2014,1835,466,76,24.14 
Matrox C680 PCIe x16,Others,2014,1904,700,219,8.69 
Radeon HD 7560D + 7700 Dual,AMD,2014,1919,518,161,11.92 
Radeon R7 + HD 7700 Dual,AMD,2014,1962,498,120,16.35 
Radeon R9 M275X,AMD,2014,1963,434,144,13.63 
GeForce GTX 745,NVIDIA,2014,2175,469,285,7.63 
Radeon HD 8950,AMD,2014,2267,423,149,15.21 
Radeon R7 250X,AMD,2014,2269,637,194,11.70 
GeForce GTX 850M,NVIDIA,2014,2574,224,242,10.64 
FirePro W5100,AMD,2014,2957,541,126,23.47 
GeForce GTX 860M,NVIDIA,2014,3045,226,114,26.71 
Radeon HD8970M,AMD,2014,3369,663,236,14.28 
Radeon R9 M290X,AMD,2014,3375,453,185,18.24 
GeForce GTX 870M,NVIDIA,2014,3380,293,303,11.16 
GeForce GTX 750,NVIDIA,2014,3399,480,220,15.45 
Quadro K2200,NVIDIA,2014,3541,534,268,13.21 
GeForce GTX 880M,NVIDIA,2014,3876,347,249,15.57 
Quadro K2200M,NVIDIA,2014,3877,432,125,31.02 
Quadro K4200,NVIDIA,2014,4337,502,249,17.42 
FirePro S9050,AMD,2014,4901,369,218,22.48 
Radeon R9 M295X,AMD,2014,5150,832,1449,3.55 
FirePro W7100,AMD,2014,5175,667,389,13.30 
GeForce GTX 760 Ti,NVIDIA,2014,5206,555,298,17.47 
Radeon R9 280,AMD,2014,5668,679,465,12.19 
GeForce GTX 970M,NVIDIA,2014,5761,406,210,27.43 
Quadro K5200,NVIDIA,2014,5780,501,415,13.93 
Radeon R9 285,AMD,2014,6680,597,633,10.55 
GeForce GTX 980M,NVIDIA,2014,7317,514,290,25.23 
FirePro W8100,AMD,2014,7327,759,704,10.41 
FirePro W9100,AMD,2014,7719,790,1730,4.46 
Radeon R9 295X2,AMD,2014,8619,804,499,17.27 
GeForce GTX TITAN Black,NVIDIA,2014,9140,616,525,17.41 
GeForce GTX TITAN Z,NVIDIA,2014,9189,648,1515,6.07 
Radeon HD 8180,AMD,2013,152,55,10,15.20 
Radeon HD 8210,AMD,2013,191,50,11,17.36 
Barco MXRT 1450,Others,2013,206,520,49,4.20 
Radeon HD 8250,AMD,2013,208,63,19,10.95 
Radeon HD 8240,AMD,2013,241,62,20,12.05 
Radeon HD 8280E,AMD,2013,241,82,22,10.95 
Radeon HD 8330E,AMD,2013,242,95,17,14.24 
GeForce GT 415,NVIDIA,2013,248,363,51,4.86 
Radeon HD 8330,AMD,2013,252,68,13,19.38 
Radeon HD 8470,AMD,2013,257,172,22,11.68 
Radeon HD 8400,AMD,2013,258,78,22,11.73 
Radeon HD 8280G,AMD,2013,270,130,36,7.50 
Radeon HD 8400E,AMD,2013,273,123,27,10.11 
NVS 315,NVIDIA,2013,286,187,70,4.09 
Radeon HD 8370D,AMD,2013,311,151,21,14.81 
GeForce GT 625,NVIDIA,2013,329,194,19,17.32 
Radeon HD 8510G,AMD,2013,361,105,26,13.88 
Radeon HD 8450G,AMD,2013,361,148,42,8.60 
Radeon HD 8470D,AMD,2013,362,145,25,14.48 
Radeon HD 7600G + 6400M Dual,AMD,2013,377,257,43,8.77 
Radeon HD 8550G,AMD,2013,403,116,33,12.21 
Radeon HD 8610G,AMD,2013,414,121,24,17.25 
Radeon HD 8570M,AMD,2013,422,164,51,8.27 
Radeon HD 8570D,AMD,2013,434,154,43,10.09 
Radeon HD 8350G,AMD,2013,443,332,25,17.72 
GeForce GT 710M,NVIDIA,2013,444,123,41,10.83 
GeForce 710M,NVIDIA,2013,450,116,43,10.47 
Radeon HD 7520G + 7650M Dual,AMD,2013,453,345,32,14.16 
GeForce GT 720M,NVIDIA,2013,467,116,23,20.30 
Radeon HD 8650G,AMD,2013,479,135,47,10.19 
Radeon HD 7500G + 7550M Dual,AMD,2013,497,263,23,21.61 
Radeon HD 7620G + 8600M Dual,AMD,2013,509,294,59,8.63 
Radeon HD 7640G + 7610M Dual,AMD,2013,510,309,41,12.44 
Intel HD 4400,Intel,2013,521,283,27,19.30 
Radeon HD 8550G + 8570M Dual,AMD,2013,533,307,43,12.40 
GRID K180Q,NVIDIA,2013,534,113,46,11.61 
Radeon HD 7520G + 7470M Dual,AMD,2013,543,345,37,14.68 
Radeon HD 8450G + 8600M Dual,AMD,2013,545,356,45,12.11 
Radeon HD 8670D,AMD,2013,548,189,31,17.68 
Radeon HD 7640G + 8570M Dual,AMD,2013,558,274,35,15.94 
Radeon HD 7620G + 8670M Dual,AMD,2013,577,322,41,14.07 
Radeon HD 8550G + 8670M Dual,AMD,2013,579,334,71,8.15 
Radeon HD 7520G + 7610M Dual,AMD,2013,588,317,46,12.78 
Radeon HD 7660G + 7400M Dual,AMD,2013,588,326,37,15.89 
Radeon HD 8610G + 8600M Dual,AMD,2013,589,320,75,7.85 
Radeon HD 7520G + 7600M Dual,AMD,2013,591,362,49,12.06 
GeForce GT 735M,NVIDIA,2013,594,131,37,16.05 
Radeon HD 8550G + 8500M Dual,AMD,2013,603,304,35,17.23 
Radeon HD 8610G + 8500M Dual,AMD,2013,610,298,75,8.13 
Radeon HD 8650G + 8600M Dual,AMD,2013,613,370,46,13.33 
Radeon HD 8550G + 8600M Dual,AMD,2013,618,321,64,9.66 
Intel HD P4600/P4700,Intel,2013,624,367,46,13.57 
GeForce GT 820M,NVIDIA,2013,627,153,66,9.50 
Intel HD 4600,Intel,2013,627,315,83,7.55 
Radeon HD 8650G + 8500M Dual,AMD,2013,627,351,78,8.04 
GRID K160Q,NVIDIA,2013,628,262,45,13.96 
Radeon HD 8650G + 8670M Dual,AMD,2013,635,355,83,7.65 
Radeon HD 7640G + 7400M Dual,AMD,2013,637,286,83,7.67 
Radeon HD 8450G + 8750M Dual,AMD,2013,637,299,33,19.30 
Radeon HD 6670 + 6670 Dual,AMD,2013,647,552,56,11.55 
Radeon HD 8650G + 8570M Dual,AMD,2013,654,282,71,9.21 
Radeon HD 7640G + 8750M Dual,AMD,2013,655,305,46,14.24 
Radeon HD 8730M,AMD,2013,659,186,53,12.43 
Radeon HD 8550G + 8690M Dual,AMD,2013,664,260,34,19.53 
Radeon HD 7640G + 8600/8700M Dual,AMD,2013,689,308,32,21.53 
Radeon HD 7640G + 7700M Dual,AMD,2013,691,324,58,11.91 
GeForce GT 740A,NVIDIA,2013,702,393,35,20.06 
Quadro K610M,NVIDIA,2013,708,239,240,2.95 
Radeon HD 8470D + 6450 Dual,AMD,2013,717,558,61,11.75 
Radeon HD 8650G + 7600M Dual,AMD,2013,742,404,75,9.89 
Quadro 1100M,NVIDIA,2013,755,734,134,5.63 
Radeon HD 7660G + 7700M Dual,AMD,2013,757,311,82,9.23 
Intel Iris 5100,Intel,2013,758,277,74,10.24 
Quadro K600,NVIDIA,2013,769,263,60,12.82 
GeForce GT 740M,NVIDIA,2013,779,143,81,9.62 
Radeon HD 8650G + 8750M Dual,AMD,2013,787,381,105,7.50 
Radeon HD 8550G + 8750M Dual,AMD,2013,796,321,84,9.48 
GRID K1,NVIDIA,2013,811,463,395,2.05 
Intel HD 5200,Intel,2013,830,653,73,11.37 
GeForce GT 635,NVIDIA,2013,852,242,67,12.72 
Radeon HD 8750M,AMD,2013,860,212,57,15.09 
Radeon R7 240,AMD,2013,863,258,110,7.85 
Radeon HD 8650G + 7670M Dual,AMD,2013,884,379,91,9.71 
7900 MOD - Radeon HD 6550D,AMD,2013,893,536,124,7.20 
Barco MXRT 7400,Others,2013,901,682,99,9.10 
Radeon HD 7640G + 7690M Dual,AMD,2013,946,325,77,12.29 
Radeon HD 8570 + HD 7660D Dual,AMD,2013,949,467,115,8.25 
Radeon HD 8690M,AMD,2013,984,768,154,6.39 
Radeon HD 7560D + 7570 Dual,AMD,2013,985,434,46,21.41 
Radeon HD 8570,AMD,2013,991,308,99,10.01 
FirePro M4150,AMD,2013,999,207,86,11.62 
Radeon HD 7690M XT,AMD,2013,1009,552,87,11.60 
Intel Iris Pro 5200,Intel,2013,1020,407,87,11.72 
GeForce GT 745M,NVIDIA,2013,1055,172,52,20.29 
Firepro M4100,AMD,2013,1059,623,59,17.95 
Radeon HD 7520G + 7700M Dual,AMD,2013,1061,331,103,10.30 
Barco MXRT 5450,Others,2013,1079,478,200,5.40 
Quadro K1100M,NVIDIA,2013,1082,250,323,3.35 
Radeon HD 7660D + 6570 Dual,AMD,2013,1100,551,82,13.41 
Quadro 2100M,NVIDIA,2013,1100,765,162,6.79 
Radeon HD 7660D + 7500 Dual,AMD,2013,1121,500,135,8.30 
GeForce GT 745A,NVIDIA,2013,1144,748,132,8.67 
Radeon R7 250,AMD,2013,1151,296,190,6.06 
Radeon HD 7660D + 7540D Dual,AMD,2013,1204,547,93,12.95 
Radeon HD 7730,AMD,2013,1217,402,233,5.22 
Radeon HD 8790M,AMD,2013,1306,751,161,8.11 
GeForce GT 750M,NVIDIA,2013,1313,239,70,18.76 
Quadro K2100M,NVIDIA,2013,1348,281,416,3.24 
Radeon HD 8670D + 6670 Dual,AMD,2013,1361,568,160,8.51 
Quadro K2000,NVIDIA,2013,1567,371,294,5.33 
GeForce GT 755M,NVIDIA,2013,1610,306,114,14.12 
Quadro K2000D,NVIDIA,2013,1614,396,340,4.75 
Radeon HD 8870M,AMD,2013,1638,629,109,15.03 
GeForce GTX 760M,NVIDIA,2013,1691,240,161,10.50 
GeForce GTX 650,NVIDIA,2013,1769,346,110,16.08 
Radeon HD 8670D + 7700 Dual,AMD,2013,1789,572,84,21.30 
GeForce GTX 645,NVIDIA,2013,1858,432,154,12.06 
FirePro M6100,AMD,2013,1945,338,162,12.01 
GeForce GTX 765M,NVIDIA,2013,1972,277,186,10.60 
FirePro M5100,AMD,2013,2103,800,132,15.93 
Quadro K3100M,NVIDIA,2013,2263,327,400,5.66 
MONSTER GeForce GTX 675M,NVIDIA,2013,2637,686,155,17.01 
FirePro R5000,AMD,2013,2647,625,110,24.06 
Quadro K4000,NVIDIA,2013,2700,419,270,10.00 
Quadro K4100M,NVIDIA,2013,2756,352,261,10.56 
GeForce GTX 770M,NVIDIA,2013,2786,327,138,20.19 
GRID K280Q,NVIDIA,2013,2840,371,289,9.83 
Radeon R7 260,AMD,2013,2892,559,90,32.13 
GRID K260Q,NVIDIA,2013,2949,361,132,22.34 
Radeon HD 7790,AMD,2013,3090,459,140,22.07 
Radeon R7 260X,AMD,2013,3147,506,140,22.48 
FirePro V7000,AMD,2013,3162,668,147,21.51 
Quadro K5100M,NVIDIA,2013,3266,418,1109,2.94 
GeForce GTX 650 Ti BOOST,NVIDIA,2013,3330,452,331,10.06 
GRID K520,NVIDIA,2013,3399,174,150,22.66 
Tesla C2050 / C2070,NVIDIA,2013,3428,568,297,11.54 
GeForce GTX 780M,NVIDIA,2013,3755,386,499,7.53 
Radeon HD 8970M,AMD,2013,3876,807,140,27.69 
GeForce GTX 775M,NVIDIA,2013,4208,696,283,14.87 
Radeon R9 270 / R7 370,AMD,2013,4260,645,213,20.00 
GeForce GTX 680MX,NVIDIA,2013,4271,730,246,17.36 
Radeon R9 270,AMD,2013,4306,567,252,17.09 
FirePro W7000 Adapter,AMD,2013,4340,692,234,18.55 
Radeon Sky 500,AMD,2013,4736,551,372,12.73 
Radeon R9 270X,AMD,2013,4923,607,327,15.06 
Radeon HD 8990,AMD,2013,5214,658,412,12.66 
GeForce GTX 760 Ti OEM,NVIDIA,2013,5427,694,469,11.57 
Radeon HD 7990,AMD,2013,5566,766,400,13.92 
Tesla K20m,NVIDIA,2013,5675,377,538,10.55 
GeForce GTX 770,NVIDIA,2013,5892,551,249,23.66 
Radeon R9 280X,AMD,2013,6284,692,348,18.06 
Quadro K6000,NVIDIA,2013,8108,556,392,20.68 
Radeon R9 290 / 390,AMD,2013,8150,695,380,21.45 
Radeon R9 290X / 390X,AMD,2013,8389,699,320,26.22 
Radeon R9 290,AMD,2013,8409,789,825,10.19 
GeForce GTX Titan,NVIDIA,2013,8556,660,745,11.48 
Radeon R9 290X,AMD,2013,8794,787,844,10.42 
Intel G41 Express-Chipsatz,Intel,2012,57,267,24,2.38 
GeForce G 103M,NVIDIA,2012,61,37,7,8.71 
Radeon HD 4330,AMD,2012,109,42,6,18.17 
Radeon HD 7290,AMD,2012,115,51,14,8.21 
Radeon HD 7310,AMD,2012,130,45,12,10.83 
GeForce G100,NVIDIA,2012,147,56,20,7.35 
FirePro 2460,AMD,2012,170,352,84,2.02 
Radeon HD 7450,AMD,2012,221,147,50,4.42 
Radeon HD4650,AMD,2012,240,99,153,1.57 
Radeon HD 6480G,AMD,2012,259,78,23,11.26 
Radeon HD 7400G,AMD,2012,267,109,18,14.83 
Radeon HD 5470,AMD,2012,268,298,49,5.47 
Radeon HD 7480D,AMD,2012,285,117,26,10.96 
Intel HD P3000,Intel,2012,297,104,18,16.50 
Radeon HD 6520G,AMD,2012,300,84,23,13.04 
GeForce GT 610,NVIDIA,2012,303,127,140,2.16 
GeForce 605,NVIDIA,2012,305,179,137,2.23 
Radeon HD 7420G,AMD,2012,311,121,37,8.41 
Radeon HD 7520G,AMD,2012,312,111,34,9.18 
Radeon HD 7470,AMD,2012,316,177,81,3.90 
Radeon HD 7600G,AMD,2012,320,99,35,9.14 
Radeon HD 6530D,AMD,2012,325,138,19,17.11 
Radeon HD 7500G,AMD,2012,330,114,36,9.17 
Radeon HD 7540D,AMD,2012,336,125,19,17.68 
Radeon HD 6620G,AMD,2012,355,107,39,9.10 
GeForce GT 620,NVIDIA,2012,365,162,154,2.37 
Radeon HD 7620G,AMD,2012,366,113,19,19.26 
FirePro M2000,AMD,2012,406,206,21,19.33 
RADEON HD6410D,AMD,2012,423,296,38,11.13 
GeForce GT 620M,NVIDIA,2012,431,129,26,16.58 
GeForce GT 625M,NVIDIA,2012,435,210,23,18.91 
Quadro 410,NVIDIA,2012,436,218,129,3.38 
GeForce 8800 GTS,NVIDIA,2012,440,56,80,5.50 
Radeon HD 7570M,AMD,2012,445,197,42,10.60 
Radeon HD 7640G,AMD,2012,448,122,49,9.14 
Radeon HD 7650M,AMD,2012,451,69,34,13.26 
Intel HD Family,Intel,2012,451,189,53,8.51 
Radeon HD 7560D,AMD,2012,472,168,33,14.30 
Radeon HD 7660G,AMD,2012,476,129,35,13.60 
Quadro K500M,NVIDIA,2012,480,184,26,18.46 
Radeon HD 7660D,AMD,2012,504,182,25,20.16 
Radeon 6600M,AMD,2012,513,143,40,12.83 
Radeon HD 7520G + 7670M Dual,AMD,2012,523,323,46,11.37 
Radeon HD 7640G + 6400M Dual,AMD,2012,527,279,69,7.64 
RADEON HD6530D,AMD,2012,532,327,36,14.78 
NVS 5200M,NVIDIA,2012,534,193,58,9.21 
GeForce GT 630M,NVIDIA,2012,549,151,53,10.36 
GeForce GT 635M,NVIDIA,2012,563,173,42,13.40 
Radeon HD 7650A,AMD,2012,564,311,262,2.15 
Radeon HD 7640G + 7470M Dual,AMD,2012,595,301,51,11.67 
7900 MOD - Radeon HD 6520G,AMD,2012,610,323,71,8.59 
Radeon HD 7570,AMD,2012,613,265,102,6.01 
Radeon HD 7660G + 7470M Dual,AMD,2012,631,351,83,7.60 
Radeon HD 7610M,AMD,2012,632,479,56,11.29 
Radeon HD 7730M,AMD,2012,634,218,26,24.38 
NVS 5400M,NVIDIA,2012,635,184,27,23.52 
Radeon HD 7640G + 7670M Dual,AMD,2012,645,294,35,18.43 
FirePro V3900,AMD,2012,662,242,238,2.78 
GeForce GT 630,NVIDIA,2012,683,208,147,4.65 
GeForce GT 555M,NVIDIA,2012,688,124,177,3.89 
Radeon HD 7640G + 7600M Dual,AMD,2012,706,294,74,9.54 
Radeon HD 6800M,AMD,2012,726,229,72,10.08 
NVS 510,NVIDIA,2012,730,276,140,5.21 
Radeon HD 7670M + 7670M Dual,AMD,2012,738,294,72,10.25 
Radeon HD 7660G + 7670M Dual,AMD,2012,743,347,65,11.43 
Radeon HD 7660G + 7610M Dual,AMD,2012,746,323,77,9.69 
Quadro K1000M,NVIDIA,2012,773,244,70,11.04 
Radeon HD 7600M + 7600M Dual,AMD,2012,773,317,82,9.43 
Radeon HD 7640G + 7500M/7600M Dual,AMD,2012,776,317,36,21.56 
Radeon HD 7670,AMD,2012,813,301,44,18.48 
Radeon HD 7660G + 7600M Dual,AMD,2012,832,341,80,10.40 
Radeon HD 7560D + 6570 Dual,AMD,2012,833,476,69,12.07 
Radeon E6760,AMD,2012,877,485,240,3.65 
GeForce GT 640M,NVIDIA,2012,907,183,70,12.96 
GeForce GT 645M,NVIDIA,2012,958,170,92,10.41 
Radeon HD 6700M,AMD,2012,1017,523,128,7.95 
Quadro K2000M,NVIDIA,2012,1027,256,144,7.13 
Radeon HD 7660D + 7670 Dual,AMD,2012,1062,494,72,14.75 
Radeon HD 7560D + 6670 Dual,AMD,2012,1131,501,132,8.57 
GeForce GT 640,NVIDIA,2012,1182,285,110,10.75 
Radeon HD 7750M,AMD,2012,1191,693,65,18.32 
GeForce GT 650M,NVIDIA,2012,1199,233,72,16.65 
Radeon HD 7660D + 6670 Dual,AMD,2012,1238,524,101,12.26 
FirePro M40003,AMD,2012,1364,652,166,8.22 
Radeon HD 7850M,AMD,2012,1373,566,149,9.21 
GeForce GTX 660M,NVIDIA,2012,1414,271,79,17.90 
Radeon HD 7560D + 7670 Dual,AMD,2012,1426,445,147,9.70 
Radeon HD 7870M,AMD,2012,1507,556,138,10.92 
FirePro M4000,AMD,2012,1597,410,73,21.88 
Quadro K3000M,NVIDIA,2012,1626,360,408,3.99 
Radeon HD 7750,AMD,2012,1696,398,100,16.96 
Radeon HD 6900M,AMD,2012,1710,345,79,21.65 
FirePro W600,AMD,2012,1752,631,415,4.22 
GeForce GTX 670M,NVIDIA,2012,1775,321,105,16.90 
GeForce GTX 555,NVIDIA,2012,1807,485,144,12.55 
FirePro M6000,AMD,2012,1820,776,326,5.58 
Radeon HD 7700-serie,AMD,2012,1899,533,151,12.58 
GeForce GTX 670MX,NVIDIA,2012,1906,335,133,14.33 
GeForce GTX 675M,NVIDIA,2012,1934,326,143,13.52 
Quadro K4000M,NVIDIA,2012,1949,351,254,7.67 
GeForce GT 645,NVIDIA,2012,2006,443,196,10.23 
GeForce GTX 560 SE,NVIDIA,2012,2087,413,90,23.19 
Radeon HD 7770,AMD,2012,2204,471,300,7.35 
GeForce GTX 675MX,NVIDIA,2012,2338,377,208,11.24 
GeForce GTX 650 Ti,NVIDIA,2012,2527,400,93,27.17 
Quadro K5000M,NVIDIA,2012,2754,363,509,5.41 
FirePro W5000,AMD,2012,3056,587,184,16.61 
GeForce GTX 680M,NVIDIA,2012,3077,348,136,22.63 
Quadro 7000,NVIDIA,2012,3505,397,196,17.88 
Radeon HD 7850,AMD,2012,3826,550,170,22.51 
Quadro K5000,NVIDIA,2012,3901,435,249,15.67 
GeForce GTX 660,NVIDIA,2012,4004,476,168,23.83 
FirePro W8000,AMD,2012,4138,570,573,7.22 
FirePro S7000,AMD,2012,4166,615,247,16.87 
FirePro W7000,AMD,2012,4276,551,278,15.38 
Radeon HD 7870 XT,AMD,2012,4470,661,261,17.13 
Radeon HD 7950 / R9 280,AMD,2012,4765,691,260,18.33 
FirePro S9000,AMD,2012,5059,561,444,11.39 
Radeon HD 7970 / R9 280X,AMD,2012,5248,730,247,21.25 
GeForce GTX 670,NVIDIA,2012,5304,523,194,27.34 
FirePro S10000,AMD,2012,5315,493,296,17.96 
Tesla K20Xm,NVIDIA,2012,5428,329,342,15.87 
GeForce GTX 680,NVIDIA,2012,5535,528,399,13.87 
GeForce GTX 690,NVIDIA,2012,5654,458,281,20.12 
FirePro W9000,AMD,2012,6138,720,845,7.26 
All-in-Wonder X1800XL,AMD,2011,30,283,23,1.30 
Intel - Express Chipset G41,Intel,2011,57,325,20,2.85 
Intel - Express Chipset Q45/Q43,Intel,2011,58,336,23,2.52 
Intel G45/G43/G41 Express Chipset,Intel,2011,68,318,32,2.13 
Radeon HD 6250,AMD,2011,94,32,6,15.67 
Intel Media Accelerator HD,Intel,2011,99,40,12,8.25 
Radeon HD 6290,AMD,2011,109,34,6,18.17 
NVS 300,NVIDIA,2011,114,60,63,1.81 
GeForce 315M,NVIDIA,2011,116,52,6,19.33 
GeForce 405,NVIDIA,2011,122,60,25,4.88 
Radeon HD 3670,AMD,2011,151,62,11,13.73 
Radeon HD 6450,AMD,2011,200,120,89,2.25 
Radeon HD 6410D,AMD,2011,243,120,31,7.84 
GeForce 410M,NVIDIA,2011,250,129,14,17.86 
Radeon HD 6370D,AMD,2011,254,147,16,15.88 
GeForce 510,NVIDIA,2011,257,199,70,3.67 
GeForce GT 520M,NVIDIA,2011,288,74,30,9.60 
GeForce 610M,NVIDIA,2011,292,103,16,18.25 
GeForce GT 520MX,NVIDIA,2011,293,56,16,18.31 
RADEON HD6370D,AMD,2011,320,312,19,16.84 
GeForce GT 120 / 9500 GT,NVIDIA,2011,325,327,49,6.63 
RADEON E4690,AMD,2011,405,347,65,6.23 
Radeon HD 6550D,AMD,2011,417,149,44,9.48 
GeForce GT 525M,NVIDIA,2011,460,95,45,10.22 
Radeon HD 5570,AMD,2011,473,177,164,2.88 
GeForce GT 540M,NVIDIA,2011,493,86,88,5.60 
Radeon HD 6570,AMD,2011,496,193,64,7.75 
GeForce GT 435M,NVIDIA,2011,521,208,34,15.32 
GeForce GT 550M,NVIDIA,2011,580,126,27,21.48 
Quadro 1000M,NVIDIA,2011,599,201,55,10.89 
Quadro 500M,NVIDIA,2011,664,588,275,2.41 
GeForce GT 530,NVIDIA,2011,676,227,49,13.80 
Radeon HD 6670,AMD,2011,745,236,69,10.80 
Radeon HD 6650M,AMD,2011,752,230,79,9.52 
GeForce GT 440,NVIDIA,2011,766,238,225,3.40 
Quadro 2000M,NVIDIA,2011,773,249,230,3.36 
Radeon HD 6650A,AMD,2011,836,418,61,13.70 
Radeon HD 6750M,AMD,2011,937,487,83,11.29 
Radeon HD 6770M,AMD,2011,964,572,96,10.04 
FirePro V4900,AMD,2011,974,318,150,6.49 
Quadro 2000D,NVIDIA,2011,989,324,140,7.06 
Radeon HD 7690M,AMD,2011,1003,576,93,10.78 
Radeon HD 6750,AMD,2011,1005,304,80,12.56 
Quadro 3000M,NVIDIA,2011,1024,323,70,14.63 
GeForce GT 545,NVIDIA,2011,1096,342,56,19.57 
Radeon HD 6770,AMD,2011,1231,313,265,4.65 
Quadro 2000 D,NVIDIA,2011,1239,594,105,11.80 
GeForce GTX 560M,NVIDIA,2011,1266,243,67,18.90 
FirePro V5900,AMD,2011,1271,352,86,14.78 
Tesla M2070-Q,NVIDIA,2011,1306,444,69,18.93 
Quadro 4000M,NVIDIA,2011,1307,256,232,5.63 
FirePro M5950,AMD,2011,1314,574,137,9.59 
GeForce GTX 550 Ti,NVIDIA,2011,1557,363,100,15.57 
Radeon HD 6790,AMD,2011,1613,370,294,5.49 
Quadro 5010M,NVIDIA,2011,1891,366,236,8.01 
GeForce GTX 570M,NVIDIA,2011,1910,350,157,12.17 
GeForce GTX 460 v2,NVIDIA,2011,2005,459,200,10.03 
Radeon HD 6970M,AMD,2011,2270,656,216,10.51 
FirePro V7900,AMD,2011,2310,324,190,12.16 
GeForce GTX 485M,NVIDIA,2011,2360,479,245,9.63 
GeForce GTX 580M,NVIDIA,2011,2373,455,249,9.53 
Radeon HD 6850 X2,AMD,2011,2534,373,232,10.92 
GeForce GTX 560,NVIDIA,2011,2711,418,205,13.22 
Radeon HD 6990,AMD,2011,3013,630,498,6.05 
Tesla C2070,NVIDIA,2011,3101,494,604,5.13 
Tesla C2075,NVIDIA,2011,3118,589,646,4.83 
GeForce GTX 590,NVIDIA,2011,3307,470,435,7.60 
Tesla C2050,NVIDIA,2011,3515,493,270,13.02 
Intel Q45/Q43 Express-Chipsatz,Intel,2010,57,352,26,2.19 
SAPPHIRE Radeon X1550,AMD,2010,61,285,24,2.54 
Radeon X1600 Pro / X1300XT,AMD,2010,69,285,30,2.30 
Radeon HD 4270,AMD,2010,110,303,23,4.78 
GeForce 310M,NVIDIA,2010,111,27,9,12.33 
NVS 3100M,NVIDIA,2010,115,42,10,11.50 
GeForce 205,NVIDIA,2010,126,309,25,5.04 
GeForce 315,NVIDIA,2010,159,66,33,4.82 
GeForce GT 325M,NVIDIA,2010,171,52,9,19.00 
GeForce GT 330M,NVIDIA,2010,209,57,20,10.45 
GeForce GT 220,NVIDIA,2010,211,56,40,5.28 
GeForce 320M,NVIDIA,2010,219,69,21,10.43 
Quadro FX 880M,NVIDIA,2010,219,80,10,21.90 
Radeon HD 6370M,AMD,2010,276,401,39,7.08 
GeForce 9600 GS,NVIDIA,2010,279,52,12,23.25 
FirePro V3800,AMD,2010,332,188,125,2.66 
Radeon HD 5550,AMD,2010,383,187,55,6.96 
GeForce GT 335M,NVIDIA,2010,400,49,37,10.81 
GeForce GTS 350M,NVIDIA,2010,408,113,36,11.33 
GeForce GT 420,NVIDIA,2010,411,187,155,2.65 
GeForce GT 420M,NVIDIA,2010,418,83,25,16.72 
GeForce GT 330,NVIDIA,2010,422,119,40,10.55 
GeForce GT 320,NVIDIA,2010,444,92,33,13.45 
GeForce GT 425M,NVIDIA,2010,517,175,32,16.16 
Quadro 600,NVIDIA,2010,546,225,76,7.18 
GeForce GT 430,NVIDIA,2010,603,191,140,4.31 
GeForce GTS 360M,NVIDIA,2010,655,71,56,11.70 
GeForce GTX 285M,NVIDIA,2010,676,246,80,8.45 
Radeon HD 5670,AMD,2010,784,279,67,11.70 
FirePro 3D V4800,AMD,2010,854,324,160,5.34 
GeForce GT 445M,NVIDIA,2010,881,250,74,11.91 
Quadro 2000,NVIDIA,2010,942,294,213,4.42 
GeForce GTX 460M,NVIDIA,2010,1198,246,87,13.77 
FirePro 3D V8700,AMD,2010,1206,515,170,7.09 
FirePro 3D V5800,AMD,2010,1232,339,204,6.04 
GeForce GTS 450,NVIDIA,2010,1321,303,80,16.51 
Radeon HD 5830,AMD,2010,1735,382,259,6.70 
FirePro 3D V7800,AMD,2010,1867,562,600,3.11 
GeForce GTX 470M,NVIDIA,2010,1953,413,117,16.69 
GeForce GTX 460 SE,NVIDIA,2010,1974,359,160,12.34 
FirePro V7800,AMD,2010,2034,290,190,10.71 
GeForce GTX 480M,NVIDIA,2010,2051,536,126,16.28 
Quadro 5000M,NVIDIA,2010,2060,426,79,26.08 
Radeon HD 6870,AMD,2010,2223,397,275,8.08 
FirePro V8800,AMD,2010,2223,471,198,11.23 
GeForce GTX 460,NVIDIA,2010,2289,381,90,25.43 
FirePro 3D V8800,AMD,2010,2438,632,425,5.74 
FireStream 9370,AMD,2010,2528,763,167,15.14 
Radeon HD 6950,AMD,2010,2650,421,140,18.93 
GeForce GTX 465,NVIDIA,2010,2681,454,195,13.75 
FirePro V9800,AMD,2010,2727,655,474,5.75 
Radeon HD 6970,AMD,2010,2863,430,150,19.09 
GeForce GTX 570,NVIDIA,2010,3902,466,150,26.01 
GeForce GTX 480,NVIDIA,2010,4110,447,170,24.18 
Quadro NVS 210S / GeForce 6150LE,NVIDIA,2009,21,272,20,1.05 
S3 Chrome 430 ULP,Others,2009,40,310,22,1.82 
GeForce 7300 SE/7200 GS,NVIDIA,2009,49,40,6,8.17 
GeForce G 105M,NVIDIA,2009,65,32,7,9.29 
Radeon X1650 SE,AMD,2009,71,358,36,1.97 
Intel G45/G43 Express Chipset,Intel,2009,75,30,6,12.50 
Radeon HD 2350,AMD,2009,77,262,18,4.28 
GeForce 8100 / nForce 720a,NVIDIA,2009,79,308,17,4.65 
RADEON X800GT,AMD,2009,80,264,25,3.20 
nForce 750a SLI,NVIDIA,2009,83,351,16,5.19 
RADEON X600XT,AMD,2009,92,258,12,7.67 
GeForce G205M,NVIDIA,2009,92,294,29,3.17 
GeForce 210,NVIDIA,2009,97,39,55,1.76 
GeForce 9500M,NVIDIA,2009,104,320,101,1.03 
GeForce G105M,NVIDIA,2009,108,46,12,9.00 
Sapphire RADEON X800 GT,AMD,2009,113,274,24,4.71 
GeForce G210M,NVIDIA,2009,122,36,9,13.56 
M76M,AMD,2009,124,279,19,6.53 
Intel Q45/Q43 Express Chipset,Intel,2009,142,29,13,10.92 
GeForce GT 130M,NVIDIA,2009,146,35,8,18.25 
Quadro FX 580,NVIDIA,2009,155,58,130,1.19 
GeForce GT 230M,NVIDIA,2009,201,47,9,22.33 
GeForce GT 240M,NVIDIA,2009,205,61,11,18.64 
GeForce GT 120M,NVIDIA,2009,266,272,25,10.64 
Intel Q965/Q963 Express,Intel,2009,300,58,30,10.00 
GeForce GT 230,NVIDIA,2009,322,80,44,7.32 
GeForce GT 130,NVIDIA,2009,347,143,151,2.30 
Matrox Millennium P690 PCIe x16,Others,2009,367,295,58,6.33 
Quadro FX 1800,NVIDIA,2009,405,90,135,3.00 
GeForce GTX 260M,NVIDIA,2009,412,59,24,17.17 
Quadro FX 2800M,NVIDIA,2009,433,80,190,2.28 
Quadro FX 1800M,NVIDIA,2009,469,73,37,12.68 
ASUS EAH4870x2,Others,2009,496,539,68,7.29 
GeForce 9800 GTX+,NVIDIA,2009,538,139,30,17.93 
GeForce GT 240,NVIDIA,2009,543,78,161,3.37 
GeForce GTS 250M,NVIDIA,2009,569,69,50,11.38 
GeForce GTS 250,NVIDIA,2009,618,91,70,8.83 
GeForce GTS 240,NVIDIA,2009,622,212,65,9.57 
GeForce 9800 GTX/9800 GTX+,NVIDIA,2009,632,128,90,7.02 
GeForce GT 140,NVIDIA,2009,658,225,51,12.90 
GeForce GTS 160M,NVIDIA,2009,679,308,39,17.41 
Radeon HD 4810,AMD,2009,769,425,50,15.38 
Quadro FX 3800,NVIDIA,2009,780,100,259,3.01 
Radeon HD 4770,AMD,2009,906,172,60,15.10 
Radeon HD 5750,AMD,2009,1156,336,70,16.51 
GeForce GTX 295,NVIDIA,2009,1171,150,160,7.32 
Radeon HD 5770,AMD,2009,1351,328,190,7.11 
Radeon HD 4890,AMD,2009,1533,103,90,17.03 
Radeon HD 5850,AMD,2009,1966,404,289,6.80 
Radeon HD 5970,AMD,2009,2249,393,180,12.49 
Radeon HD 5870,AMD,2009,2266,410,295,7.68 
GeForce 8400 SE,NVIDIA,2008,68,290,19,3.58 
GeForce 9300 SE,NVIDIA,2008,82,344,27,3.04 
Quadro NVS 150M,NVIDIA,2008,93,327,15,6.20 
Quadro FX 370M,NVIDIA,2008,93,334,15,6.20 
GeForce 9200M GS,NVIDIA,2008,111,55,15,7.40 
GeForce 9600M GS,NVIDIA,2008,119,67,10,11.90 
GeForce 9600M GT,NVIDIA,2008,132,39,78,1.69 
GeForce 9500 GT,NVIDIA,2008,135,40,86,1.57 
GeForce 9650M GT,NVIDIA,2008,137,62,117,1.17 
GeForce 9500 GS,NVIDIA,2008,157,66,15,10.47 
Radeon HD 4650,AMD,2008,219,39,70,3.13 
GeForce 9650M GS,NVIDIA,2008,270,328,30,9.00 
GeForce 9700M GTS,NVIDIA,2008,326,106,23,14.17 
GeForce 8800 GS,NVIDIA,2008,332,154,15,22.13 
GeForce 9600 GSO 512,NVIDIA,2008,345,111,21,16.43 
GeForce 9600 GSO,NVIDIA,2008,350,118,50,7.00 
Quadro FX 2700M,NVIDIA,2008,358,74,100,3.58 
GeForce 9800M GTS,NVIDIA,2008,379,135,43,8.81 
Radeon HD 4670,AMD,2008,384,50,143,2.69 
Quadro FX 3700,NVIDIA,2008,384,158,213,1.80 
GeForce 9800M GT,NVIDIA,2008,424,130,18,23.56 
Radeon HD 3850 AGP,AMD,2008,432,92,23,18.78 
GeForce 9800M GS,NVIDIA,2008,460,109,35,13.14 
Quadro FX 3600M,NVIDIA,2008,467,365,75,6.23 
GeForce 9800 GT,NVIDIA,2008,481,94,75,6.41 
GeForce 9600 GT,NVIDIA,2008,505,60,65,7.77 
Quadro FX 3800M,NVIDIA,2008,628,68,27,23.26 
GeForce 9800 GTX,NVIDIA,2008,769,366,75,10.25 
GeForce 9800 GX2,NVIDIA,2008,798,518,195,4.09 
Radeon HD 3850 X2,AMD,2008,822,422,71,11.58 
Radeon HD 4830,AMD,2008,860,81,60,14.33 
Quadro CX,NVIDIA,2008,947,454,150,6.31 
Quadro FX 4800,NVIDIA,2008,979,106,204,4.80 
Radeon HD 4850 X2,AMD,2008,1132,542,140,8.09 
FireStream 9250,AMD,2008,1165,465,93,12.53 
GeForce GTX 260,NVIDIA,2008,1221,88,80,15.26 
Quadro FX 5800,NVIDIA,2008,1248,134,274,4.55 
Radeon HD 4870 X2,AMD,2008,1309,565,140,9.35 
FireStream 9270,AMD,2008,1341,473,76,17.64 
Radeon HD 4870,AMD,2008,1391,72,80,17.39 
FirePro V8700,AMD,2008,1539,527,158,9.74 
GeForce GTX 285,NVIDIA,2008,1550,117,120,12.92 
RADEON E2400,AMD,2007,52,287,17,3.06 
GeForce 8300 GS,NVIDIA,2007,67,314,15,4.47 
GeForce 9100,NVIDIA,2007,82,345,38,2.16 
Quadro FX 360M,NVIDIA,2007,87,308,17,5.12 
Radeon X1950 GT,AMD,2007,106,279,31,3.42 
Radeon HD 2400 Pro,AMD,2007,114,346,38,3.00 
Radeon HD 2400 XT,AMD,2007,119,357,22,5.41 
Quadro NVS 290,NVIDIA,2007,205,59,59,3.47 
Radeon HD 2600 PRO,AMD,2007,211,337,188,1.12 
Radeon HD 2600 XT,AMD,2007,283,371,159,1.78 
Quadro FX 3500M,NVIDIA,2007,306,309,100,3.06 
GeForce 8800M GTS,NVIDIA,2007,382,159,46,8.30 
GeForce 8800M GTX,NVIDIA,2007,462,175,34,13.59 
GeForce 8800 GT,NVIDIA,2007,519,85,70,7.41 
Quadro FX 5600,NVIDIA,2007,562,168,295,1.91 
Radeon HD 3870,AMD,2007,576,82,70,8.23 
GeForce 8800 GTS 512,NVIDIA,2007,591,109,30,19.70 
GeForce 8800 Ultra,NVIDIA,2007,639,372,58,11.02 
FireGL V8600,AMD,2007,839,406,105,7.99 
Quadro NVS 120M,NVIDIA,2006,47,274,24,1.96 
GeForce 7350 LE,NVIDIA,2006,74,281,27,2.74 
Radeon X1300 PRO,AMD,2006,84,313,25,3.36 
Radeon X1950 Pro,AMD,2006,113,318,32,3.53 
GeForce 7650 GS,NVIDIA,2006,134,335,29,4.62 
Quadro FX 1500M,NVIDIA,2006,171,275,39,4.38 
GeForce 7600 GT,NVIDIA,2006,204,101,199,1.03 
GeForce 7900 GS,NVIDIA,2006,254,68,25,10.16 
Quadro NVS 510M,NVIDIA,2006,254,317,26,9.77 
GeForce 7900 GT,NVIDIA,2006,258,160,199,1.30 
GeForce Go 7950 GTX,NVIDIA,2006,264,283,43,6.14 
GeForce Go 7900 GTX,NVIDIA,2006,270,264,38,7.11 
Quadro FX 3500,NVIDIA,2006,292,106,69,4.23 
GeForce 7950 GT,NVIDIA,2006,344,189,204,1.69 
GeForce 7900 GTX,NVIDIA,2006,388,165,49,7.92 
GeForce 8800 GTX,NVIDIA,2006,597,105,120,4.98 
GeForce 6500,NVIDIA,2005,38,300,29,1.31 
RADEON X550,AMD,2005,51,266,19,2.68 
FireGL V3350,AMD,2005,69,336,24,2.88 
FireGL V3300,AMD,2005,71,326,24,2.96 
RADEON X700 SE,AMD,2005,71,348,17,4.18 
Radeon X1600 Pro,AMD,2005,99,273,33,3.00 
FireGL V3400,AMD,2005,103,353,36,2.86 
Radeon X1600 XT,AMD,2005,116,356,31,3.74 
Quadro FX 2500M,NVIDIA,2005,218,272,18,12.11 
GeForce 7800 GT,NVIDIA,2005,244,273,80,3.05 
Quadro FX 1300,NVIDIA,2004,34,276,11,3.09 
GeForce PCX 5750,NVIDIA,2004,35,310,19,1.84 
FireGL V3100,AMD,2004,53,275,28,1.89 
RADEON X800 XL,AMD,2004,69,271,12,5.75 
RADEON X700 PRO,AMD,2004,76,302,26,2.92 
Quadro FX 540,NVIDIA,2004,81,294,60,1.35 
RADEON X850 XT,AMD,2004,81,326,32,2.53 
GeForce 6610 XL,NVIDIA,2004,89,288,27,3.30 
RADEON X800 XT,AMD,2004,98,271,23,4.26 
GeForce 6600 GT,NVIDIA,2004,137,67,65,2.11 
Quadro NVS 210S,NVIDIA,2003,24,265,20,1.20 
GeForce PCX 5900,NVIDIA,2003,34,258,24,1.42 
Quadro FX 1000,NVIDIA,2003,34,266,20,1.70 
GeForce FX 5950 Ultra,NVIDIA,2003,59,274,13,4.54 
